periodo,credito_sector_privado,tipo_cambio,inflacion_ipc,pbi_desestacionalizado,fecha,creditos_sbs_millones,numero_entidades_sbs,hoja_sbs,url_sbs,fecha_dt,anio,trimestre,periodo_trimestral
Ene.2005,52789.38064142,3.26785714285714,3.03097911143629,83.076185978987,2005-01,69364.982,15,Hoja1,https://intranet2.sbs.gob.pe/estadistica/financiera/2005/Enero/B-2332-en2005.XLS,2005-01-01,2005,1,2005T1
Feb.2005,52925.03508328,3.25876,1.68486346916637,84.7443785929493,2005-02,69379.608,15,Hoja1,https://intranet2.sbs.gob.pe/estadistica/financiera/2005/Febrero/B-2332-fe2005.XLS,2005-02-01,2005,1,2005T1
Mar.2005,53447.90565674,3.25928095238095,1.87692373675019,82.4383166663078,2005-03,70227.884,15,Hoja1,https://intranet2.sbs.gob.pe/estadistica/financiera/2005/Marzo/B-2332-ma2005.XLS,2005-03-01,2005,1,2005T1
Abr.2005,54505.7817969,3.25795,2.02120797476034,84.5379693056899,2005-04,71984.212,15,Hoja1,https://intranet2.sbs.gob.pe/estadistica/financiera/2005/Abril/B-2332-ab2005.XLS,2005-04-01,2005,2,2005T2
May.2005,55552.114988,3.25499047619048,1.78991360320908,85.4047286850945,2005-05,73932.646,15,Hoja1,https://intranet2.sbs.gob.pe/estadistica/financiera/2005/Mayo/B-2332-my2005.XLS,2005-05-01,2005,2,2005T2
Jun.2005,56244.94075975,3.25299523809524,1.48619031469285,85.2863565757417,2005-06,75252.83,15,Hoja1,https://intranet2.sbs.gob.pe/estadistica/financiera/2005/Junio/B-2332-jn2005.XLS,2005-06-01,2005,2,2005T2
Jul.2005,56908.29569425,3.25213157894737,1.39655085833978,85.9444109656823,2005-07,76097.576,15,Hoja1,https://intranet2.sbs.gob.pe/estadistica/financiera/2005/Julio/B-2332-jl2005.XLS,2005-07-01,2005,3,2005T3
Ago.2005,57386.20651016,3.25767272727273,1.22409427378704,85.6791195518041,2005-08,76208.274,13,Hoja1,https://intranet2.sbs.gob.pe/estadistica/financiera/2005/Agosto/B-2332-ag2005.XLS,2005-08-01,2005,3,2005T3
Sep.2005,58036.17033738,3.30762727272727,1.11178638841314,86.5245707615074,2005-09,76912.232,13,Hoja1,https://intranet2.sbs.gob.pe/estadistica/financiera/2005/Setiembre/B-2332-se2005.XLS,2005-09-01,2005,3,2005T3
Oct.2005,59393.03781208,3.38044761904762,1.2822280924001,87.1234289716052,2005-10,78449.38,13,Hoja1,https://intranet2.sbs.gob.pe/estadistica/financiera/2005/Octubre/B-2332-oc2005.XLS,2005-10-01,2005,4,2005T4
Nov.2005,61500.54209649,3.37676190476191,1.06109171419654,89.0875532678117,2005-11,81699.718,13,Hoja1,https://intranet2.sbs.gob.pe/estadistica/financiera/2005/Noviembre/B-2332-no2005.XLS,2005-11-01,2005,4,2005T4
Dic.2005,63153.93758465,3.42449047619048,1.49426032513706,87.9121131862351,2005-12,83777.524,13,Hoja1,https://intranet2.sbs.gob.pe/estadistica/financiera/2005/Diciembre/B-2332-di2005.XLS,2005-12-01,2005,4,2005T4
Ene.2006,60847.02724669,3.39319545454545,1.89928300065183,89.6057266309361,2006-01,79730.712,13,Hoja1,https://intranet2.sbs.gob.pe/estadistica/financiera/2006/Enero/B-2332-en2006.XLS,2006-01-01,2006,1,2006T1
Feb.2006,61543.41869986,3.288465,2.69892663277413,89.9481239292913,2006-02,80737.988,13,Hoja1,https://intranet2.sbs.gob.pe/estadistica/financiera/2006/Febrero/B-2332-fe2006.XLS,2006-02-01,2006,1,2006T1
Mar.2006,63269.31748864,3.34001739130435,2.50196392133908,91.6266066789985,2006-03,85013.678,13,Hoja1,https://intranet2.sbs.gob.pe/estadistica/financiera/2006/Marzo/B-2332-ma2006.XLS,2006-03-01,2006,1,2006T1
Abr.2006,63008.90905007,3.3313,2.90245879697595,90.8316629786575,2006-04,84956.702,13,Hoja1,https://intranet2.sbs.gob.pe/estadistica/financiera/2006/Abril/B-2332-ab2006.XLS,2006-04-01,2006,2,2006T2
May.2006,64081.24174922,3.27853636363636,2.23003569274239,90.9746543165763,2006-05,86792.464,12,Hoja1,https://intranet2.sbs.gob.pe/estadistica/financiera/2006/Mayo/B-2332-my2006.XLS,2006-05-01,2006,2,2006T2
Jun.2006,64706.03261014,3.26390952380952,1.82598470764676,91.8803909655891,2006-06,88236.724,12,Hoja1,https://intranet2.sbs.gob.pe/estadistica/financiera/2006/Junio/B-2332-jn2006.XLS,2006-06-01,2006,2,2006T2
Jul.2006,65276.02121596,3.243425,1.54620334004134,91.5394183789024,2006-07,88604.376,12,Hoja1,https://intranet2.sbs.gob.pe/estadistica/financiera/2006/Julio/B-2332-jl2006.XLS,2006-07-01,2006,3,2006T3
Ago.2006,65414.80957068,3.23479090909091,1.87067015257125,93.2506012930156,2006-08,88219.596,12,Hoja1,https://intranet2.sbs.gob.pe/estadistica/financiera/2006/Agosto/B-2332-ag2006.XLS,2006-08-01,2006,3,2006T3
Sep.2006,67154.729085,3.24791428571429,1.99470938591183,92.6041150857929,2006-09,90139.394,12,Hoja1,https://intranet2.sbs.gob.pe/estadistica/financiera/2006/Setiembre/B-2332-se2006.XLS,2006-09-01,2006,3,2006T3
Oct.2006,67818.07209439,3.23740909090909,1.8918527701293,93.6013059043123,2006-10,90680.22,13,Hoja1,https://intranet2.sbs.gob.pe/estadistica/financiera/2006/Octubre/B-2332-oc2006.XLS,2006-10-01,2006,4,2006T4
Nov.2006,69552.76464804,3.22249047619048,1.53527027131057,93.6957748663498,2006-11,92998.22,12,Hoja1,https://intranet2.sbs.gob.pe/estadistica/financiera/2006/Noviembre/B-2332-no2006.XLS,2006-11-01,2006,4,2006T4
Dic.2006,69433.815248,3.20508947368421,1.13748466302501,94.6343467920095,2006-12,95290.832,12,Hoja1,https://intranet2.sbs.gob.pe/estadistica/financiera/2006/Diciembre/B-2332-di2006.XLS,2006-12-01,2006,4,2006T4
Ene.2007,69819.4704288,3.19266363636364,0.644192485593111,96.1704480882607,2007-01,95744.388,12,Hoja1,https://intranet2.sbs.gob.pe/estadistica/financiera/2007/Enero/B-2332-en2007.XLS,2007-01-01,2007,1,2007T1
Feb.2007,70717.51374107,3.19029,0.355106579631463,96.2881263161898,2007-02,96581.046,12,Hoja1,https://intranet2.sbs.gob.pe/estadistica/financiera/2007/Febrero/B-2332-fe2007.XLS,2007-02-01,2007,1,2007T1
Mar.2007,72596.32102162,3.18557727272727,0.246889470132424,97.8314819751364,2007-03,98942.05,12,Hoja1,https://intranet2.sbs.gob.pe/estadistica/financiera/2007/Marzo/B-2332-ma2007.XLS,2007-03-01,2007,1,2007T1
Abr.2007,74195.32338948,3.17824210526316,-0.0840423246943481,97.4418401983132,2007-04,101641.882,12,Hoja1,https://intranet2.sbs.gob.pe/estadistica/financiera/2007/Abril/B-2332-ab2007.XLS,2007-04-01,2007,2,2007T2
May.2007,75878.92549683,3.16761818181818,0.940332272525899,100.527037479075,2007-05,103862.728,12,Hoja1,https://intranet2.sbs.gob.pe/estadistica/financiera/2007/Mayo/B-2332-my2007.XLS,2007-05-01,2007,2,2007T2
Jun.2007,77226.43963749,3.170315,1.54903128174348,99.5749215128561,2007-06,110110.81,13,Hoja1,https://intranet2.sbs.gob.pe/estadistica/financiera/2007/Junio/B-2332-jn2007.XLS,2007-06-01,2007,2,2007T2
Jul.2007,78477.658902,3.16092272727273,2.20614337091199,100.210927651919,2007-07,112851.696,13,Hoja1,https://intranet2.sbs.gob.pe/estadistica/financiera/2007/Julio/B-2332-jl2007.XLS,2007-07-01,2007,3,2007T3
Ago.2007,79557.26584304,3.15747272727273,2.20365399385851,100.651163150322,2007-08,114808.182,14,Hoja1,https://intranet2.sbs.gob.pe/estadistica/financiera/2007/Agosto/B-2332-ag2007.XLS,2007-08-01,2007,3,2007T3
Sep.2007,80880.13052486,3.135545,2.80151716782047,100.978217436819,2007-09,116691.086,14,Hoja1,https://intranet2.sbs.gob.pe/estadistica/financiera/2007/Setiembre/B-2332-se2007.XLS,2007-09-01,2007,3,2007T3
Oct.2007,81454.493395,3.01942727272727,3.07919123254024,102.132121038679,2007-10,117335.022,14,Hoja1,https://intranet2.sbs.gob.pe/estadistica/financiera/2007/Octubre/B-2332-oc2007.XLS,2007-10-01,2007,4,2007T4
Nov.2007,85689.261382,3.00089047619048,3.48560650700319,103.674025022899,2007-11,124811.104,14,Hoja1,https://intranet2.sbs.gob.pe/estadistica/financiera/2007/Noviembre/B-2332-no2007.XLS,2007-11-01,2007,4,2007T4
Dic.2007,88191.467168,2.98104,3.92767933030371,104.519690129532,2007-12,129056.968,14,Hoja1,https://intranet2.sbs.gob.pe/estadistica/financiera/2007/Diciembre/B-2332-di2007.XLS,2007-12-01,2007,4,2007T4
Ene.2008,88236.25958191,2.95016818181818,4.14862783419738,105.308133148231,2008-01,130857.848,16,Hoja1,https://intranet2.sbs.gob.pe/estadistica/financiera/2008/Enero/B-2332-en2008.XLS,2008-01-01,2008,1,2008T1
Feb.2008,88303.65711578,2.90505714285714,4.82129791165961,107.402329433869,2008-02,131325.814,16,Hoja1,https://intranet2.sbs.gob.pe/estadistica/financiera/2008/Febrero/B-2332-fe2008.XLS,2008-02-01,2008,1,2008T1
Mar.2008,86872.97808525,2.81029473684211,5.54520020212678,107.343803572593,2008-03,128802.88,16,Hoja1,https://intranet2.sbs.gob.pe/estadistica/financiera/2008/Marzo/B-2332-ma2008.XLS,2008-03-01,2008,1,2008T1
Abr.2008,90691.15923265,2.74765011303739,5.51992846176267,109.026491768101,2008-04,135054.212,16,Hoja1,https://intranet2.sbs.gob.pe/estadistica/financiera/2008/Abril/B-2332-ab2008.XLS,2008-04-01,2008,2,2008T2
May.2008,92479.41035036,2.8045,5.39142477174437,108.101418541177,2008-05,138371.718,16,Hoja1,https://intranet2.sbs.gob.pe/estadistica/financiera/2008/Mayo/B-2332-my2008.XLS,2008-05-01,2008,2,2008T2
Jun.2008,96859.05798422,2.89227619047619,5.70602688265523,110.014931554907,2008-06,145323.406,16,Hoja1,https://intranet2.sbs.gob.pe/estadistica/financiera/2008/Junio/B-2332-jn2008.XLS,2008-06-01,2008,2,2008T2
Jul.2008,96892.56973114,2.84752380952381,5.79011433632016,110.063367230517,2008-07,146133.27,18,Hoja1,https://intranet2.sbs.gob.pe/estadistica/financiera/2008/Julio/B-2332-jl2008.XLS,2008-07-01,2008,3,2008T3
Ago.2008,100571.89224765,2.8933380952381,6.26929843411577,109.691103459051,2008-08,152350.298,17,Hoja1,https://intranet2.sbs.gob.pe/estadistica/financiera/2008/Agosto/B-2332-ag2008.XLS,2008-08-01,2008,3,2008T3
Sep.2008,102725.42237586,2.96626363636364,6.22145226914745,110.7426674467,2008-09,156845.19,17,Hoja1,https://intranet2.sbs.gob.pe/estadistica/financiera/2008/Setiembre/B-2332-se2008.XLS,2008-09-01,2008,3,2008T3
Oct.2008,107686.6301157,3.07358636363636,6.53818099426607,110.43730592219,2008-10,167420.004,17,Hoja1,https://intranet2.sbs.gob.pe/estadistica/financiera/2008/Octubre/B-2332-oc2008.XLS,2008-10-01,2008,4,2008T4
Nov.2008,110721.9336351,3.09208888888889,6.74891008942323,110.531973336922,2008-11,173340.192,17,Hoja1,https://intranet2.sbs.gob.pe/estadistica/financiera/2008/Noviembre/B-2332-no2008.XLS,2008-11-01,2008,4,2008T4
Dic.2008,112728.05364628,3.11397,6.65020733404168,109.37708933771,2008-12,176808.86,17,Hoja1,https://intranet2.sbs.gob.pe/estadistica/financiera/2008/Diciembre/B-2332-di2008.XLS,2008-12-01,2008,4,2008T4
Ene.2009,114337.09751056,3.15154210526316,6.52648290285566,110.369635699562,2009-01,176292.716,16,Hoja1,https://intranet2.sbs.gob.pe/estadistica/financiera/2009/Enero/B-2332-en2009.XLS,2009-01-01,2009,1,2009T1
Feb.2009,116001.921158,3.236695,5.4900016860933,109.706950954861,2009-02,179144.52,16,Hoja1,https://intranet2.sbs.gob.pe/estadistica/financiera/2009/Febrero/B-2332-fe2009.XLS,2009-02-01,2009,1,2009T1
Mar.2009,114749.7419878,3.17478636363636,4.77836275109507,108.478546892175,2009-03,176590.45,16,Hoja1,https://intranet2.sbs.gob.pe/estadistica/financiera/2009/Marzo/B-2332-ma2009.XLS,2009-03-01,2009,1,2009T1
Abr.2009,112559.40698639,3.084215,4.63691133716491,109.378452114632,2009-04,171019.916,16,Hoja1,https://intranet2.sbs.gob.pe/estadistica/financiera/2009/Abril/B-2332-ab2009.XLS,2009-04-01,2009,2,2009T2
May.2009,113943.63314136,2.99438,4.20687598406191,110.800279504928,2009-05,173478.652,16,Hoja1,https://intranet2.sbs.gob.pe/estadistica/financiera/2009/Mayo/B-2332-my2009.XLS,2009-05-01,2009,2,2009T2
Jun.2009,115198.31229094,2.99074761904762,3.05986285626567,107.023017551328,2009-06,174608.592,17,Hoja1,https://intranet2.sbs.gob.pe/estadistica/financiera/2009/Junio/B-2332-jn2009.XLS,2009-06-01,2009,2,2009T2
Jul.2009,115811.90843004,3.012625,2.68189445536994,108.611652967622,2009-07,175971.862,16,Hoja1,https://intranet2.sbs.gob.pe/estadistica/financiera/2009/Julio/B-2332-jl2009.XLS,2009-07-01,2009,3,2009T3
Ago.2009,115353.1735417,2.95068095238095,1.86741608176118,110.61198960687,2009-08,174632.992,16,Hoja1,https://intranet2.sbs.gob.pe/estadistica/financiera/2009/Agosto/B-2332-ag2009.XLS,2009-08-01,2009,3,2009T3
Sep.2009,114597.958762,2.90950909090909,1.20456775614771,110.928968872368,2009-09,171854.346,16,Hoja1,https://intranet2.sbs.gob.pe/estadistica/financiera/2009/Setiembre/B-2332-se2009.XLS,2009-09-01,2009,3,2009T3
Oct.2009,115909.9925559,2.872,0.711181735610848,112.091018593256,2009-10,173891.094,16,Hoja1,https://intranet2.sbs.gob.pe/estadistica/financiera/2009/Octubre/B-2332-oc2009.XLS,2009-10-01,2009,4,2009T4
Nov.2009,117996.14189088,2.8843,0.288402470011201,113.168139880958,2009-11,176731.168,16,Hoja1,https://intranet2.sbs.gob.pe/estadistica/financiera/2009/Noviembre/B-2332-no2009.XLS,2009-11-01,2009,4,2009T4
Dic.2009,119363.61136519,2.87757894736842,0.245316435650426,113.798278152966,2009-12,179195.58,16,Hoja1,https://intranet2.sbs.gob.pe/estadistica/financiera/2009/Diciembre/B-2332-di2009.XLS,2009-12-01,2009,4,2009T4
Ene.2010,120129.76716614,2.856255,0.435718739101945,114.066790233887,2010-01,178418.816,16,Hoja1,https://intranet2.sbs.gob.pe/estadistica/financiera/2010/Enero/B-2332-en2010.XLS,2010-01-01,2010,1,2010T1
Feb.2010,121505.54801455,2.853985,0.835043257655835,115.262996368135,2010-02,180774.282,16,Hoja1,https://intranet2.sbs.gob.pe/estadistica/financiera/2010/Febrero/B-2332-fe2010.XLS,2010-02-01,2010,1,2010T1
Mar.2010,123443.01805136,2.83927826086957,0.755260569305348,116.784441379103,2010-03,183603.162,16,Hoja1,https://intranet2.sbs.gob.pe/estadistica/financiera/2010/Marzo/B-2332-ma2010.XLS,2010-03-01,2010,1,2010T1
Abr.2010,125852.1622044,2.8398,0.76165337907765,118.008785407794,2010-04,186910.13,16,Hoja1,https://intranet2.sbs.gob.pe/estadistica/financiera/2010/Abril/B-2332-ab2010.XLS,2010-04-01,2010,2,2010T2
May.2010,127792.87440496,2.84545238095238,1.04478015205456,119.065058648937,2010-05,191097.58,16,Hoja1,https://intranet2.sbs.gob.pe/estadistica/financiera/2010/Mayo/B-2332-my2010.XLS,2010-05-01,2010,2,2010T2
Jun.2010,129247.02656823,2.83802,1.64340671777881,121.016451371327,2010-06,193653.69,16,Hoja1,https://intranet2.sbs.gob.pe/estadistica/financiera/2010/Junio/B-2332-jn2010.XLS,2010-06-01,2010,2,2010T2
Jul.2010,131681.67741488,2.82301578947368,1.82325129296416,119.833063860523,2010-07,197071.04498,16,Hoja1,https://intranet2.sbs.gob.pe/estadistica/financiera/2010/Julio/B-2332-jl2010.XLS,2010-07-01,2010,3,2010T3
Ago.2010,131301.8252928,2.80184761904762,2.30885508267747,120.236261309806,2010-08,196347.083734,16,Hoja1,https://intranet2.sbs.gob.pe/estadistica/financiera/2010/Agosto/B-2332-ag2010.XLS,2010-08-01,2010,3,2010T3
Sep.2010,131487.02107419,2.79059090909091,2.36535673314101,122.041985141625,2010-09,195317.536,16,Hoja1,https://intranet2.sbs.gob.pe/estadistica/financiera/2010/Setiembre/B-2332-se2010.XLS,2010-09-01,2010,3,2010T3
Oct.2010,133094.1891632,2.79163,2.0950876960611,122.970312003998,2010-10,198087.3673,16,Hoja1,https://intranet2.sbs.gob.pe/estadistica/financiera/2010/Octubre/B-2332-oc2010.XLS,2010-10-01,2010,4,2010T4
Nov.2010,136324.56129984,2.80581904761905,2.21771157289207,123.231676736611,2010-11,203678.908992,16,Hoja1,https://intranet2.sbs.gob.pe/estadistica/financiera/2010/Noviembre/B-2332-no2010.XLS,2010-11-01,2010,4,2010T4
Dic.2010,138872.91252165,2.815455,2.07644423190308,122.028484466777,2010-12,206606.192436,16,Hoja1,https://intranet2.sbs.gob.pe/estadistica/financiera/2010/Diciembre/B-2332-di2010.XLS,2010-12-01,2010,4,2010T4
Ene.2011,140589.21448914,2.78667142857143,2.17264229393742,124.493209014376,2011-01,208201.45261800004,16,Hoja1,https://intranet2.sbs.gob.pe/estadistica/financiera/2011/Enero/B-2332-en2011.XLS,2011-01-01,2011,1,2011T1
Feb.2011,142075.18980403,2.77041,2.23355858855512,124.455705720215,2011-02,211965.113774,16,Hoja1,https://intranet2.sbs.gob.pe/estadistica/financiera/2011/Febrero/B-2332-fe2011.XLS,2011-02-01,2011,1,2011T1
Mar.2011,146660.8696916,2.77950869565217,2.66342558533546,125.546888198792,2011-03,219451.518506,16,Hoja1,https://intranet2.sbs.gob.pe/estadistica/financiera/2011/Marzo/B-2332-ma2011.XLS,2011-03-01,2011,1,2011T1
Abr.2011,150299.61079506,2.81584210526316,3.33627077586349,127.139478536761,2011-04,227932.9801,16,Hoja1,https://intranet2.sbs.gob.pe/estadistica/financiera/2011/Abril/B-2332-ab2011.XLS,2011-04-01,2011,2,2011T2
May.2011,153638.15464345,2.77439047619048,3.06661988654443,125.646771654151,2011-05,233087.493174,16,Hoja1,https://intranet2.sbs.gob.pe/estadistica/financiera/2011/Mayo/B-2332-my2011.XLS,2011-05-01,2011,2,2011T2
Jun.2011,155060.683877,2.76382380952381,2.91065322504482,125.014390601825,2011-06,235195.249996,16,Hoja1,https://intranet2.sbs.gob.pe/estadistica/financiera/2011/Junio/B-2332-jn2011.XLS,2011-06-01,2011,2,2011T2
Jul.2011,157123.9245826,2.74140526315789,3.35053580984407,127.592427623666,2011-07,237178.92692000003,16,Hoja1,https://intranet2.sbs.gob.pe/estadistica/financiera/2011/Julio/B-2332-jl2011.XLS,2011-07-01,2011,3,2011T3
Ago.2011,158710.31575643,2.73951904761905,3.34775576236666,127.581692990738,2011-08,238988.789758,16,Hoja1,https://intranet2.sbs.gob.pe/estadistica/financiera/2011/Agosto/B-2332-ag2011.XLS,2011-08-01,2011,3,2011T3
Sep.2011,160175.39405399,2.74415,3.72632873848609,127.987491099409,2011-09,242912.24961800003,15,Hoja1,https://intranet2.sbs.gob.pe/estadistica/financiera/2011/Setiembre/B-2332-se2011.XLS,2011-09-01,2011,3,2011T3
Oct.2011,161259.00356345,2.73113,4.20058635305765,128.017422006078,2011-10,243313.574126,16,P010,https://intranet2.sbs.gob.pe/estadistica/financiera/2011/Octubre/B-2332-oc2011.XLS,2011-10-01,2011,4,2011T4
Nov.2011,163448.9970518,2.70510476190476,4.64185930799761,129.133455224779,2011-11,246370.98739600004,16,P010,https://intranet2.sbs.gob.pe/estadistica/financiera/2011/Noviembre/B-2332-no2011.XLS,2011-11-01,2011,4,2011T4
Dic.2011,166491.2947125,2.69617894736842,4.73842084248362,132.606320528935,2011-12,252351.037228,17,P010,https://intranet2.sbs.gob.pe/estadistica/financiera/2011/Diciembre/B-2332-di2011.XLS,2011-12-01,2011,4,2011T4
Ene.2012,168478.50528848,2.6925,4.22536434603765,130.800040238765,2012-01,254321.752604,16,P010,https://intranet2.sbs.gob.pe/estadistica/financiera/2012/Enero/B-2332-en2012.XLS,2012-01-01,2012,1,2012T1
Feb.2012,169480.49920556,2.68327142857143,4.16575394297844,130.806109695367,2012-02,253847.7103,16,P010,https://intranet2.sbs.gob.pe/estadistica/financiera/2012/Febrero/B-2332-fe2012.XLS,2012-02-01,2012,1,2012T1
Mar.2012,171788.78115255,2.67087272727273,4.23148743233747,133.194077246808,2012-03,257239.434586,16,P010,https://intranet2.sbs.gob.pe/estadistica/financiera/2012/Marzo/B-2332-ma2012.XLS,2012-03-01,2012,1,2012T1
Abr.2012,172735.33267432,2.65662222222222,4.07684685836829,131.283680272894,2012-04,258634.70059,17,P010,https://intranet2.sbs.gob.pe/estadistica/financiera/2012/Abril/B-2332-ab2012.XLS,2012-04-01,2012,2,2012T2
May.2012,177241.72270187,2.66973636363636,4.14239616822717,134.733309625153,2012-05,266280.324544,16,P010,https://intranet2.sbs.gob.pe/estadistica/financiera/2012/Mayo/B-2332-my2012.XLS,2012-05-01,2012,2,2012T2
Jun.2012,179819.13209074,2.67096,4.00107094984338,135.183577772318,2012-06,270381.05676600005,17,P010,https://intranet2.sbs.gob.pe/estadistica/financiera/2012/Junio/B-2332-jn2012.XLS,2012-06-01,2012,2,2012T2
Jul.2012,181123.09689461,2.63498571428571,3.27611476932365,135.719791317355,2012-07,272076.992046,17,P010,https://intranet2.sbs.gob.pe/estadistica/financiera/2012/Julio/B-2332-jl2012.XLS,2012-07-01,2012,3,2012T3
Ago.2012,182418.70565092,2.61587619047619,3.52598073623202,136.461298836738,2012-08,274457.1722459999,18,P010,https://intranet2.sbs.gob.pe/estadistica/financiera/2012/Agosto/B-2332-ag2012.XLS,2012-08-01,2012,3,2012T3
Sep.2012,184644.6323498,2.60267,3.74113621145945,137.375666612532,2012-09,277233.01703,17,P010,https://intranet2.sbs.gob.pe/estadistica/financiera/2012/Setiembre/B-2332-se2012.XLS,2012-09-01,2012,3,2012T3
Oct.2012,185785.8750328,2.58766,3.24663026597157,136.934161246795,2012-10,278326.037024,17,P010,https://intranet2.sbs.gob.pe/estadistica/financiera/2012/Octubre/B-2332-oc2012.XLS,2012-10-01,2012,4,2012T4
Nov.2012,187418.11727806,2.598605,2.66179188790001,136.929107520625,2012-11,282537.70221599995,18,P010,https://intranet2.sbs.gob.pe/estadistica/financiera/2012/Noviembre/B-2332-no2012.XLS,2012-11-01,2012,4,2012T4
Dic.2012,189786.4767449,2.56656111111111,2.64936888071586,137.212652262184,2012-12,285602.70098999987,17,P010,https://intranet2.sbs.gob.pe/estadistica/financiera/2012/Diciembre/B-2332-di2012.XLS,2012-12-01,2012,4,2012T4
Ene.2013,190095.36363034,2.55217272727273,2.87207608956733,139.220843976578,2013-01,140558.343845,16,P010,https://intranet2.sbs.gob.pe/estadistica/financiera/2013/Enero/B-2332-en2013.XLS,2013-01-01,2013,1,2013T1
Feb.2013,191252.52387351,2.57834736842105,2.44956221835028,139.692313609953,2013-02,141807.09018399997,16,P010,https://intranet2.sbs.gob.pe/estadistica/financiera/2013/Febrero/B-2332-fe2013.XLS,2013-02-01,2013,1,2013T1
Mar.2013,193004.49590187,2.59417368421053,2.59182460056487,140.50289174793,2013-03,287436.30404200003,17,P010,https://intranet2.sbs.gob.pe/estadistica/financiera/2013/Marzo/B-2332-ma2013.XLS,2013-03-01,2013,1,2013T1
Abr.2013,196270.61000216,2.59806818181818,2.3069499256289,140.16300659789,2013-04,146112.99587600003,16,P010P,https://intranet2.sbs.gob.pe/estadistica/financiera/2013/Abril/B-2332-ab2013.XLS,2013-04-01,2013,2,2013T2
May.2013,198978.23225819,2.64571818181818,2.46477298011905,140.945792615766,2013-05,149741.1817,16,P010P,https://intranet2.sbs.gob.pe/estadistica/financiera/2013/Mayo/B-2332-my2013.XLS,2013-05-01,2013,2,2013T2
Jun.2013,204373.81705398,2.74848421052632,2.77073543850851,143.524738092231,2013-06,154080.975114,16,P010P,https://intranet2.sbs.gob.pe/estadistica/financiera/2013/Junio/B-2332-jn2013.XLS,2013-06-01,2013,2,2013T2
Jul.2013,207446.10347391,2.77688571428571,3.24112353098976,143.141670387105,2013-07,156843.367811,16,P010P,https://intranet2.sbs.gob.pe/estadistica/financiera/2013/Julio/B-2332-jl2013.XLS,2013-07-01,2013,3,2013T3
Ago.2013,211527.71996485,2.80198571428571,3.27656563830685,144.36168867002,2013-08,160273.788857,16,P010P,https://intranet2.sbs.gob.pe/estadistica/financiera/2013/Agosto/B-2332-ag2013.XLS,2013-08-01,2013,3,2013T3
Sep.2013,212848.99574638,2.77866190476191,2.8308406237713,143.569144187173,2013-09,161173.406042,16,P010P,https://intranet2.sbs.gob.pe/estadistica/financiera/2013/Setiembre/B-2332-se2013.XLS,2013-09-01,2013,3,2013T3
Oct.2013,214697.6620623,2.76906666666667,3.0384821880728,145.182901874133,2013-10,163013.54045,16,P010P,https://intranet2.sbs.gob.pe/estadistica/financiera/2013/Octubre/B-2332-oc2013.XLS,2013-10-01,2013,4,2013T4
Nov.2013,219170.7555412,2.79875,2.95513866313524,147.221241795513,2013-11,167375.535469,16,P010P,https://intranet2.sbs.gob.pe/estadistica/financiera/2013/Noviembre/B-2332-no2013.XLS,2013-11-01,2013,4,2013T4
Dic.2013,221786.8700492,2.78564,2.85968115579219,145.966015714236,2013-12,168661.738664,16,P010P,https://intranet2.sbs.gob.pe/estadistica/financiera/2013/Diciembre/B-2332-di2013.XLS,2013-12-01,2013,4,2013T4
Ene.2014,222513.96163796,2.80927727272727,3.06663136092894,145.063403185515,2014-01,170649.521359,16,P010P,https://intranet2.sbs.gob.pe/estadistica/financiera/2014/Enero/B-2332-en2014.XLS,2014-01-01,2014,1,2014T1
Feb.2014,224548.146316,2.81255,3.77632969464066,146.775450836488,2014-02,171529.056628,17,P010P,https://intranet2.sbs.gob.pe/estadistica/financiera/2014/Febrero/B-2332-fe2014.XLS,2014-02-01,2014,1,2014T1
Mar.2014,227580.51229443,2.80657142857143,3.37792817164949,145.81001242282,2014-03,173719.703956,17,P010P,https://intranet2.sbs.gob.pe/estadistica/financiera/2014/Marzo/B-2332-ma2014.XLS,2014-03-01,2014,1,2014T1
Abr.2014,229530.27367721,2.79444,3.52315457481135,146.393851050839,2014-04,175833.590292,17,P010P,https://intranet2.sbs.gob.pe/estadistica/financiera/2014/Abril/B-2332-ab2014.XLS,2014-04-01,2014,2,2014T2
May.2014,231307.79128953,2.78695238095238,3.55564442643562,145.456142971842,2014-05,176421.33337,17,P010P,https://intranet2.sbs.gob.pe/estadistica/financiera/2014/Mayo/B-2332-my2014.XLS,2014-05-01,2014,2,2014T2
Jun.2014,235001.421016,2.79452380952381,3.44965289777902,144.094980905035,2014-06,179901.465613,17,P010P,https://intranet2.sbs.gob.pe/estadistica/financiera/2014/Junio/B-2332-jn2014.XLS,2014-06-01,2014,2,2014T2
Jul.2014,237303.6787244,2.78639523809524,3.33116382681631,145.887131294091,2014-07,181106.963219,17,P010P,https://intranet2.sbs.gob.pe/estadistica/financiera/2014/Julio/B-2332-jl2014.XLS,2014-07-01,2014,3,2014T3
Ago.2014,239901.46023668,2.81476666666667,2.68520888934139,146.335649193581,2014-08,182924.163338,17,P010P,https://intranet2.sbs.gob.pe/estadistica/financiera/2014/Agosto/B-2332-ag2014.XLS,2014-08-01,2014,3,2014T3
Sep.2014,242961.97490028,2.86469545454545,2.73826215785076,146.888629947313,2014-09,184969.703224,17,P010P,https://intranet2.sbs.gob.pe/estadistica/financiera/2014/Setiembre/B-2332-se2014.XLS,2014-09-01,2014,3,2014T3
Oct.2014,246094.13245284,2.90670909090909,3.08804046928228,148.317666345584,2014-10,187231.844709,17,P010P,https://intranet2.sbs.gob.pe/estadistica/financiera/2014/Octubre/B-2332-oc2014.XLS,2014-10-01,2014,4,2014T4
Nov.2014,249831.85099824,2.92551,3.15910225000358,147.497318721597,2014-11,188825.357022,17,P010P,https://intranet2.sbs.gob.pe/estadistica/financiera/2014/Noviembre/B-2332-no2014.XLS,2014-11-01,2014,4,2014T4
Dic.2014,252936.3265098,2.9625380952381,3.22406118871739,146.632069731315,2014-12,192503.102971,17,P010P,https://intranet2.sbs.gob.pe/estadistica/financiera/2014/Diciembre/B-2332-di2014.XLS,2014-12-01,2014,4,2014T4
Ene.2015,256052.55,3.006785,3.07326326860977,147.756580366387,2015-01,194916.730116,17,P010P,https://intranet2.sbs.gob.pe/estadistica/financiera/2015/Enero/B-2332-en2015.XLS,2015-01-01,2015,1,2015T1
Feb.2015,258367.46,3.079435,2.76858517072284,148.530397765917,2015-02,196092.259921,17,P010P,https://intranet2.sbs.gob.pe/estadistica/financiera/2015/Febrero/B-2332-fe2015.XLS,2015-02-01,2015,1,2015T1
Mar.2015,261317.44,3.09223636363636,3.02019928834408,149.7342466296,2015-03,202479.533308,17,P010P,https://intranet2.sbs.gob.pe/estadistica/financiera/2015/Marzo/B-2332-ma2015.XLS,2015-03-01,2015,1,2015T1
Abr.2015,265737.69,3.12064,3.0174126785349,152.471072114303,2015-04,206480.951876,17,P010P,https://intranet2.sbs.gob.pe/estadistica/financiera/2015/Abril/B-2332-ab2015.XLS,2015-04-01,2015,2,2015T2
May.2015,269634.02,3.151345,3.36620186894155,148.001598467745,2015-05,209294.42927500003,17,P010P,https://intranet2.sbs.gob.pe/estadistica/financiera/2015/Mayo/B-2332-my2015.XLS,2015-05-01,2015,2,2015T2
Jun.2015,271083.57,3.16178095238095,3.54491029740405,150.273069169179,2015-06,210578.745821,17,P010P,https://intranet2.sbs.gob.pe/estadistica/financiera/2015/Junio/B-2332-jn2015.XLS,2015-06-01,2015,2,2015T2
Jul.2015,273331.29,3.181965,3.56292547971011,151.302115642306,2015-07,212448.377747,17,P010P,https://intranet2.sbs.gob.pe/estadistica/financiera/2015/Julio/B-2332-jl2015.XLS,2015-07-01,2015,3,2015T3
Ago.2015,277941.89,3.23944285714286,4.0426728422815,150.176590820722,2015-08,216905.453867,17,P031P,https://intranet2.sbs.gob.pe/estadistica/financiera/2015/Agosto/B-2332-ag2015.XLS,2015-08-01,2015,3,2015T3
Sep.2015,280692.03,3.21864545454545,3.90455488298777,151.412928336185,2015-09,219586.832119,17,P031P,https://intranet2.sbs.gob.pe/estadistica/financiera/2015/Setiembre/B-2332-se2015.XLS,2015-09-01,2015,3,2015T3
Oct.2015,285054.91,3.24952,3.66020462128904,153.589302916454,2015-10,221338.071389,17,41,https://intranet2.sbs.gob.pe/estadistica/financiera/2015/Octubre/B-2332-oc2015.XLS,2015-10-01,2015,4,2015T4
Nov.2015,289529.87,3.3382,4.17256708018865,152.919012481337,2015-11,225508.283079,17,43,https://intranet2.sbs.gob.pe/estadistica/financiera/2015/Noviembre/B-2332-no2015.XLS,2015-11-01,2015,4,2015T4
Dic.2015,290854.05,3.38377619047619,4.39792854166932,155.572579637414,2015-12,226054.50803,17,43,https://intranet2.sbs.gob.pe/estadistica/financiera/2015/Diciembre/B-2332-di2015.XLS,2015-12-01,2015,4,2015T4
Ene.2016,292491.87,3.43865,4.60868784321291,153.366711603022,2016-01,228012.00465,17,43,https://intranet2.sbs.gob.pe/estadistica/financiera/2016/Enero/B-2332-en2016.XLS,2016-01-01,2016,1,2016T1
Feb.2016,294775.32,3.50695714285714,4.47375701506678,155.387714816724,2016-02,229338.609347,17,43,https://intranet2.sbs.gob.pe/estadistica/financiera/2016/Febrero/B-2332-fe2016.XLS,2016-02-01,2016,1,2016T1
Mar.2016,291749.63,3.40692857142857,4.30108051334928,157.356675631232,2016-03,226939.054622,17,43,https://intranet2.sbs.gob.pe/estadistica/financiera/2016/Marzo/B-2332-ma2016.XLS,2016-03-01,2016,1,2016T1
Abr.2016,291490.26,3.3011,3.9072132668403,154.904926413332,2016-04,227490.845003,17,43,https://intranet2.sbs.gob.pe/estadistica/financiera/2016/Abril/B-2332-ab2016.XLS,2016-04-01,2016,2,2016T2
May.2016,292433.18,3.33468181818182,3.54061765756533,154.278866546778,2016-05,228614.316009,17,43,https://intranet2.sbs.gob.pe/estadistica/financiera/2016/Mayo/B-2332-my2016.XLS,2016-05-01,2016,2,2016T2
Jun.2016,293270.22,3.3161,3.34161872071432,155.820144927354,2016-06,228258.93786400004,17,43,https://intranet2.sbs.gob.pe/estadistica/financiera/2016/Junio/B-2332-jn2016.XLS,2016-06-01,2016,2,2016T2
Jul.2016,297490.08,3.29947368421053,2.96195894036733,157.861774636052,2016-07,231419.898554,16,43,https://intranet2.sbs.gob.pe/estadistica/financiera/2016/Julio/B-2332-jl2016.XLS,2016-07-01,2016,3,2016T3
Ago.2016,299131.5,3.33382727272727,2.94253095758978,158.159984471911,2016-08,232462.888243,16,43,https://intranet2.sbs.gob.pe/estadistica/financiera/2016/Agosto/B-2332-ag2016.XLS,2016-08-01,2016,3,2016T3
Sep.2016,300688.44,3.38245909090909,3.12667111206595,157.982713988178,2016-09,232956.930623,16,43,https://intranet2.sbs.gob.pe/estadistica/financiera/2016/Setiembre/B-2332-se2016.XLS,2016-09-01,2016,3,2016T3
Oct.2016,300547.79,3.38601904761905,3.40528775471299,156.937610169725,2016-10,231873.09731,16,43,https://intranet2.sbs.gob.pe/estadistica/financiera/2016/Octubre/B-2332-oc2016.XLS,2016-10-01,2016,4,2016T4
Nov.2016,303373.31,3.40348947368421,3.34963245522741,158.314862252382,2016-11,234379.89819000004,16,43,https://intranet2.sbs.gob.pe/estadistica/financiera/2016/Noviembre/B-2332-no2016.XLS,2016-11-01,2016,4,2016T4
Dic.2016,304296.35,3.39542380952381,3.23488195037019,160.504522776752,2016-12,234809.180691,16,43,https://intranet2.sbs.gob.pe/estadistica/financiera/2016/Diciembre/B-2332-di2016.XLS,2016-12-01,2016,4,2016T4
Ene.2017,300812.89601968,3.33987272727273,3.09636415923956,159.998577212189,2017-01,231917.977731,16,43,https://intranet2.sbs.gob.pe/estadistica/financiera/2017/Enero/B-2332-en2017.XLS,2017-01-01,2017,1,2017T1
Feb.2017,301224.6440489,3.259575,3.24979324559658,159.533281818095,2017-02,231803.970542,16,43,https://intranet2.sbs.gob.pe/estadistica/financiera/2017/Febrero/B-2332-fe2017.XLS,2017-02-01,2017,1,2017T1
Mar.2017,301308.89997075,3.26398260869565,3.97485445147011,157.127308110684,2017-03,232005.08886,16,43,https://intranet2.sbs.gob.pe/estadistica/financiera/2017/Marzo/B-2332-ma2017.XLS,2017-03-01,2017,1,2017T1
Abr.2017,302660.20300212,3.24775555555556,3.69471572141791,158.607742719969,2017-04,232592.734457,16,43,https://intranet2.sbs.gob.pe/estadistica/financiera/2017/Abril/B-2332-ab2017.XLS,2017-04-01,2017,2,2017T2
May.2017,304378.93912749,3.27346363636364,3.03980253604198,159.641027378146,2017-05,233571.221237,16,43,https://intranet2.sbs.gob.pe/estadistica/financiera/2017/Mayo/B-2332-my2017.XLS,2017-05-01,2017,2,2017T2
Jun.2017,305321.7812695,3.267975,2.73244391775147,162.15553345217,2017-06,232645.722268,16,43,https://intranet2.sbs.gob.pe/estadistica/financiera/2017/Junio/B-2332-jn2017.XLS,2017-06-01,2017,2,2017T2
Jul.2017,307111.79203888,3.24937368421053,2.85206926625983,161.172272080632,2017-07,234539.437474,16,43,https://intranet2.sbs.gob.pe/estadistica/financiera/2017/Julio/B-2332-jl2017.XLS,2017-07-01,2017,3,2017T3
Ago.2017,311305.54548972,3.24155909090909,3.1738100701898,162.512303480914,2017-08,234999.963463,16,43,https://intranet2.sbs.gob.pe/estadistica/financiera/2017/Agosto/B-2332-ag2017.XLS,2017-08-01,2017,3,2017T3
Sep.2017,315059.84913422,3.24652380952381,2.94499513550225,163.540799118914,2017-09,237123.670249,16,43,https://intranet2.sbs.gob.pe/estadistica/financiera/2017/Setiembre/B-2332-se2017.XLS,2017-09-01,2017,3,2017T3
Oct.2017,315361.938961,3.25129545454545,2.04014312278334,162.00215700662,2017-10,238849.56437,16,43,https://intranet2.sbs.gob.pe/estadistica/financiera/2017/Octubre/B-2332-oc2017.XLS,2017-10-01,2017,4,2017T4
Nov.2017,318298.64551876,3.24079047619048,1.5443382320383,161.436631654669,2017-11,242025.75444100003,16,43,https://intranet2.sbs.gob.pe/estadistica/financiera/2017/Noviembre/B-2332-no2017.XLS,2017-11-01,2017,4,2017T4
Dic.2017,321094.05625408,3.2465,1.36485588371446,163.478734704822,2017-12,243885.211834,16,43,https://intranet2.sbs.gob.pe/estadistica/financiera/2017/Diciembre/B-2332-di2017.XLS,2017-12-01,2017,4,2017T4
Ene.2018,318754.24597424,3.21490952380952,1.25318836941743,164.625418244199,2018-01,243023.66897500004,16,43,https://intranet2.sbs.gob.pe/estadistica/financiera/2018/Enero/B-2332-en2018.XLS,2018-01-01,2018,1,2018T1
Feb.2018,321449.55482326,3.24881,1.17956124835664,164.070012767263,2018-02,244956.889664,16,43,https://intranet2.sbs.gob.pe/estadistica/financiera/2018/Febrero/B-2332-fe2018.XLS,2018-02-01,2018,1,2018T1
Mar.2018,323322.25347938,3.252255,0.363136029353744,166.034039946672,2018-03,247030.353821,16,43,https://intranet2.sbs.gob.pe/estadistica/financiera/2018/Marzo/B-2332-ma2018.XLS,2018-03-01,2018,1,2018T1
Abr.2018,327114.0824945,3.230685,0.48486988623302,169.076280896417,2018-04,250224.572233,16,43,https://intranet2.sbs.gob.pe/estadistica/financiera/2018/Abril/B-2332-ab2018.XLS,2018-04-01,2018,2,2018T2
May.2018,331837.00986428,3.27410909090909,0.930692513230167,170.022336280805,2018-05,253639.721999,16,43,https://intranet2.sbs.gob.pe/estadistica/financiera/2018/Mayo/B-2332-my2018.XLS,2018-05-01,2018,2,2018T2
Jun.2018,331565.81901987,3.271345,1.42933403390647,166.22905507239,2018-06,255110.336384,16,43,https://intranet2.sbs.gob.pe/estadistica/financiera/2018/Junio/B-2332-jn2018.XLS,2018-06-01,2018,2,2018T2
Jul.2018,333876.43486295,3.27722380952381,1.61610098729974,164.593299953497,2018-07,255868.395449,16,43,https://intranet2.sbs.gob.pe/estadistica/financiera/2018/Julio/B-2332-jl2018.XLS,2018-07-01,2018,3,2018T3
Ago.2018,336097.9131313,3.28871904761905,1.07057542660273,166.14976409944,2018-08,257572.401495,16,43,https://intranet2.sbs.gob.pe/estadistica/financiera/2018/Agosto/B-2332-ag2018.XLS,2018-08-01,2018,3,2018T3
Sep.2018,339001.0111462,3.31181,1.28028100935954,167.812673970688,2018-09,260409.008337,16,43,https://intranet2.sbs.gob.pe/estadistica/financiera/2018/Setiembre/B-2332-se2018.XLS,2018-09-01,2018,3,2018T3
Oct.2018,343193.9239974,3.33476818181818,1.84089384430844,168.33848482974,2018-10,263939.26132899994,16,43,https://intranet2.sbs.gob.pe/estadistica/financiera/2018/Octubre/B-2332-oc2018.XLS,2018-10-01,2018,4,2018T4
Nov.2018,347077.69660628,3.37565,2.16709746401055,169.283093968319,2018-11,266113.751516,16,43,https://intranet2.sbs.gob.pe/estadistica/financiera/2018/Noviembre/B-2332-no2018.XLS,2018-11-01,2018,4,2018T4
Dic.2018,349892.62483718,3.36438421052632,2.1925231538682,170.369015603978,2018-12,269846.829111,16,43,https://intranet2.sbs.gob.pe/estadistica/financiera/2018/Diciembre/B-2332-di2018.XLS,2018-12-01,2018,4,2018T4
Ene.2019,348607.92,3.34381363636364,2.12915785051415,167.455150049253,2019-01,266543.526932,16,43,https://intranet2.sbs.gob.pe/estadistica/financiera/2019/Enero/B-2332-en2019.XLS,2019-01-01,2019,1,2019T1
Feb.2019,347964.7,3.3216,2.00338485500231,167.622825256679,2019-02,264832.610364,16,43,https://intranet2.sbs.gob.pe/estadistica/financiera/2019/Febrero/B-2332-fe2019.XLS,2019-02-01,2019,1,2019T1
Mar.2019,353040.65,3.30431904761905,2.24744059848037,170.550610142393,2019-03,268762.38206,15,43,https://intranet2.sbs.gob.pe/estadistica/financiera/2019/Marzo/B-2332-ma2019.XLS,2019-03-01,2019,1,2019T1
Abr.2019,355111.71,3.303405,2.59264472909832,171.118899847166,2019-04,269890.89179100003,15,43,https://intranet2.sbs.gob.pe/estadistica/financiera/2019/Abril/B-2332-ab2019.XLS,2019-04-01,2019,2,2019T2
May.2019,359766.29,3.33350454545455,2.72512754617208,171.236230492186,2019-05,273361.02291400003,15,43,https://intranet2.sbs.gob.pe/estadistica/financiera/2019/Mayo/B-2332-my2019.XLS,2019-05-01,2019,2,2019T2
Jun.2019,359583.99,3.325475,2.29478053967056,171.154930782561,2019-06,273046.631292,15,43,https://intranet2.sbs.gob.pe/estadistica/financiera/2019/Junio/B-2332-jn2019.XLS,2019-06-01,2019,2,2019T2
Jul.2019,362232.74,3.29040476190476,2.11191328006436,171.000914876569,2019-07,274443.05720700003,15,43,https://intranet2.sbs.gob.pe/estadistica/financiera/2019/Julio/B-2332-jl2019.XLS,2019-07-01,2019,3,2019T3
Ago.2019,368239.95,3.37871,2.03972339384534,172.591278721415,2019-08,278609.292436,15,43,https://intranet2.sbs.gob.pe/estadistica/financiera/2019/Agosto/B-2332-ag2019.XLS,2019-08-01,2019,3,2019T3
Sep.2019,369200.45,3.35719047619048,1.85100693723761,171.356941113398,2019-09,279391.99496900005,15,43,https://intranet2.sbs.gob.pe/estadistica/financiera/2019/Setiembre/B-2332-se2019.XLS,2019-09-01,2019,3,2019T3
Oct.2019,372858.23,3.36007619047619,1.88056226356924,172.556453223271,2019-10,282282.361432,15,43,https://intranet2.sbs.gob.pe/estadistica/financiera/2019/Octubre/B-2332-oc2019.XLS,2019-10-01,2019,4,2019T4
Nov.2019,376628.05,3.372715,1.86679694871124,173.371584793124,2019-11,286034.0900839999,15,43,https://intranet2.sbs.gob.pe/estadistica/financiera/2019/Noviembre/B-2332-no2019.XLS,2019-11-01,2019,4,2019T4
Dic.2019,374462.85,3.3547380952381,1.90009157916248,171.679404272136,2019-12,285273.843813,15,43,https://intranet2.sbs.gob.pe/estadistica/financiera/2019/Diciembre/B-2332-di2019.XLS,2019-12-01,2019,4,2019T4
Ene.2020,376518.28,3.32776363636364,1.88835605229068,172.934195324644,2020-01,285676.59772499994,15,44,https://intranet2.sbs.gob.pe/estadistica/financiera/2020/Enero/B-2332-en2020.XLS,2020-01-01,2020,1,2020T1
Feb.2020,382281.7,3.39138,1.90403776113918,172.727214614625,2020-02,288843.84433800005,15,44,https://intranet2.sbs.gob.pe/estadistica/financiera/2020/Febrero/B-2332-fe2020.XLS,2020-02-01,2020,1,2020T1
Mar.2020,385570.6,3.49255454545455,1.82153296943842,140.503002958334,2020-03,294403.1674070001,15,44,https://intranet2.sbs.gob.pe/estadistica/financiera/2020/Marzo/B-2332-ma2020.XLS,2020-03-01,2020,1,2020T1
Abr.2020,384639.15,3.39842,1.72448975655499,104.35718010835,2020-04,295515.571661,15,44,https://intranet2.sbs.gob.pe/estadistica/financiera/2020/Abril/B-2332-ab2020.XLS,2020-04-01,2020,2,2020T2
May.2020,405971.21,3.42185,1.7819197522911,116.059228900362,2020-05,316881.4084130001,15,44,https://intranet2.sbs.gob.pe/estadistica/financiera/2020/Mayo/B-2332-my2020.XLS,2020-05-01,2020,2,2020T2
Jun.2020,409902.09,3.47109523809524,1.59873239164688,139.909969593455,2020-06,319566.14626000007,15,44,https://intranet2.sbs.gob.pe/estadistica/financiera/2020/Junio/B-2332-jn2020.XLS,2020-06-01,2020,2,2020T2
Jul.2020,414921.96,3.51734090909091,1.8616957242678,152.557843942335,2020-07,323026.404059,16,44,https://intranet2.sbs.gob.pe/estadistica/financiera/2020/Julio/B-2332-jl2020.XLS,2020-07-01,2020,3,2020T3
Ago.2020,419644.05,3.56454761904762,1.68739824186658,156.547130692248,2020-08,325823.698233,16,44,https://intranet2.sbs.gob.pe/estadistica/financiera/2020/Agosto/B-2332-ag2020.XLS,2020-08-01,2020,3,2020T3
Sep.2020,421220.25,3.55575909090909,1.81955390705632,160.51936835531,2020-09,325284.172392,16,44,https://intranet2.sbs.gob.pe/estadistica/financiera/2020/Setiembre/B-2332-se2020.XLS,2020-09-01,2020,3,2020T3
Oct.2020,421957.69,3.59613636363636,1.72400036113651,167.169520946249,2020-10,326421.631793,16,44,https://intranet2.sbs.gob.pe/estadistica/financiera/2020/Octubre/B-2332-oc2020.XLS,2020-10-01,2020,4,2020T4
Nov.2020,423853.94,3.60871904761905,2.14220969430481,168.922807960474,2020-11,326070.95893,16,44,https://intranet2.sbs.gob.pe/estadistica/financiera/2020/Noviembre/B-2332-no2020.XLS,2020-11-01,2020,4,2020T4
Dic.2020,422199.029553614,3.60324285714286,1.97323222946074,173.167361490965,2020-12,325086.492926,16,44,https://intranet2.sbs.gob.pe/estadistica/financiera/2020/Diciembre/B-2332-di2020.XLS,2020-12-01,2020,4,2020T4
Ene.2021,415158.430741444,3.62495,2.67554538350913,172.164051017993,2021-01,323515.940959,16,44,https://intranet2.sbs.gob.pe/estadistica/financiera/2021/Enero/B-2332-en2021.XLS,2021-01-01,2021,1,2021T1
Feb.2021,418953.877418308,3.64569,2.4013422122209,168.443418980469,2021-02,321883.613399,16,44,https://intranet2.sbs.gob.pe/estadistica/financiera/2021/Febrero/B-2332-fe2021.XLS,2021-02-01,2021,1,2021T1
Mar.2021,424369.773062804,3.70917826086957,2.59818523324116,168.376723986983,2021-03,324509.652707,16,44,https://intranet2.sbs.gob.pe/estadistica/financiera/2021/Marzo/B-2332-ma2021.XLS,2021-03-01,2021,1,2021T1
Abr.2021,428505.056725755,3.699525,2.38369772363027,167.468461228883,2021-04,328273.96382799995,16,44,https://intranet2.sbs.gob.pe/estadistica/financiera/2021/Abril/B-2332-ab2021.XLS,2021-04-01,2021,2,2021T2
May.2021,432887.434012139,3.77475714285714,2.44745902560864,172.19857746939,2021-05,334767.871652,16,44,https://intranet2.sbs.gob.pe/estadistica/financiera/2021/Mayo/B-2332-my2021.XLS,2021-05-01,2021,2,2021T2
Jun.2021,435488.733318251,3.91160476190476,3.25460667105263,172.77746476187,2021-06,337924.130307,16,44,https://intranet2.sbs.gob.pe/estadistica/financiera/2021/Junio/B-2332-jn2021.XLS,2021-06-01,2021,2,2021T2
Jul.2021,443145.456350323,3.942455,3.81459906516264,173.528789522653,2021-07,344875.611363,16,44,https://intranet2.sbs.gob.pe/estadistica/financiera/2021/Julio/B-2332-jl2021.XLS,2021-07-01,2021,3,2021T3
Ago.2021,441492.686727291,4.08725238095238,4.95280459648037,175.086278301496,2021-08,344782.29993299994,16,44,https://intranet2.sbs.gob.pe/estadistica/financiera/2021/Agosto/B-2332-ag2021.XLS,2021-08-01,2021,3,2021T3
Sep.2021,443523.403874519,4.10805454545454,5.22957455422953,176.126159187722,2021-09,344326.476794,16,44,https://intranet2.sbs.gob.pe/estadistica/financiera/2021/Setiembre/B-2332-se2021.XLS,2021-09-01,2021,3,2021T3
Oct.2021,441980.231980449,4.01368,5.82600992647617,175.486747211402,2021-10,342831.484567,16,44,https://intranet2.sbs.gob.pe/estadistica/financiera/2021/Octubre/B-2332-oc2021.XLS,2021-10-01,2021,4,2021T4
Nov.2021,446677.973121627,4.02049523809524,5.65514784662318,175.014762741503,2021-11,346554.94225200004,16,44,https://intranet2.sbs.gob.pe/estadistica/financiera/2021/Noviembre/B-2332-no2021.XLS,2021-11-01,2021,4,2021T4
Dic.2021,446195.311141001,4.03686818181818,6.43038716340725,176.059915194989,2021-12,348504.7669219999,16,44,https://intranet2.sbs.gob.pe/estadistica/financiera/2021/Diciembre/B-2332-di2021.XLS,2021-12-01,2021,4,2021T4
Ene.2022,440310.642358442,3.88834285714286,5.68491659367423,176.982265321709,2022-01,344942.25313200004,16,44,https://intranet2.sbs.gob.pe/estadistica/financiera/2022/Enero/B-2332-en2022.XLS,2022-01-01,2022,1,2022T1
Feb.2022,442370.71224992,3.790945,6.1470442223465,176.682047622781,2022-02,344521.513088,16,44,https://intranet2.sbs.gob.pe/estadistica/financiera/2022/Febrero/B-2332-fe2022.XLS,2022-02-01,2022,1,2022T1
Mar.2022,445510.911227158,3.73862173913043,6.82408900736014,175.30164255593,2022-03,347412.411612,16,44,https://intranet2.sbs.gob.pe/estadistica/financiera/2022/Marzo/B-2332-ma2022.XLS,2022-03-01,2022,1,2022T1
Abr.2022,449828.287904484,3.74100526315789,7.96465277256915,175.022055260789,2022-04,351822.06266199995,16,44,https://intranet2.sbs.gob.pe/estadistica/financiera/2022/Abril/B-2332-ab2022.XLS,2022-04-01,2022,2,2022T2
May.2022,449320.67575521,3.75727727272727,8.09113893196794,176.251895332725,2022-05,351213.254292,16,44,https://intranet2.sbs.gob.pe/estadistica/financiera/2022/Mayo/B-2332-my2022.XLS,2022-05-01,2022,2,2022T2
Jun.2022,455781.836629894,3.74843809523809,8.81263294388897,179.317052729016,2022-06,357338.401065,16,44,https://intranet2.sbs.gob.pe/estadistica/financiera/2022/Junio/B-2332-jn2022.XLS,2022-06-01,2022,2,2022T2
Jul.2022,462168.250620687,3.90343684210526,8.74083491516008,177.733174304011,2022-07,362717.219359,17,44,https://intranet2.sbs.gob.pe/estadistica/financiera/2022/Julio/B-2332-jl2022.XLS,2022-07-01,2022,3,2022T3
Ago.2022,458197.586952529,3.87355909090909,8.39798830340194,177.408945016816,2022-08,358520.92149299994,17,44,https://intranet2.sbs.gob.pe/estadistica/financiera/2022/Agosto/B-2332-ag2022.XLS,2022-08-01,2022,3,2022T3
Sep.2022,460576.95365874,3.89895909090909,8.52985253634929,179.495469139942,2022-09,360089.0915389999,17,44,https://intranet2.sbs.gob.pe/estadistica/financiera/2022/Setiembre/B-2332-se2022.XLS,2022-09-01,2022,3,2022T3
Oct.2022,461897.091793731,3.97934761904762,8.27519462737062,179.405617502151,2022-10,360542.529125,17,44,https://intranet2.sbs.gob.pe/estadistica/financiera/2022/Octubre/B-2332-oc2022.XLS,2022-10-01,2022,4,2022T4
Nov.2022,459677.592695015,3.87657619047619,8.44722980234022,178.521843716054,2022-11,357594.093239,17,44,https://intranet2.sbs.gob.pe/estadistica/financiera/2022/Noviembre/B-2332-no2022.XLS,2022-11-01,2022,4,2022T4
Dic.2022,457212.014642692,3.828975,8.45916200000001,179.023255014478,2022-12,355108.757585,17,44,https://intranet2.sbs.gob.pe/estadistica/financiera/2022/Diciembre/B-2332-di2022.XLS,2022-12-01,2022,4,2022T4
Ene.2023,455738.710139182,3.83380476190476,8.66426700097408,175.538186117904,2023-01,353520.597049,17,44,https://intranet2.sbs.gob.pe/estadistica/financiera/2023/Enero/B-2332-en2023.XLS,2023-01-01,2023,1,2023T1
Feb.2023,451691.083895427,3.84146,8.64592356025242,176.209312526868,2023-02,350299.196145,17,44,https://intranet2.sbs.gob.pe/estadistica/financiera/2023/Febrero/B-2332-fe2023.XLS,2023-02-01,2023,1,2023T1
Mar.2023,454780.724556626,3.77916086956522,8.40057400933134,176.968791266741,2023-03,351798.203372,17,44,https://intranet2.sbs.gob.pe/estadistica/financiera/2023/Marzo/B-2332-ma2023.XLS,2023-03-01,2023,1,2023T1
Abr.2023,456034.756591094,3.76545,7.9650458305066,176.687425034042,2023-04,351946.469747,17,44,https://intranet2.sbs.gob.pe/estadistica/financiera/2023/Abril/B-2332-ab2023.XLS,2023-04-01,2023,2,2023T2
May.2023,454491.360627869,3.68866818181818,7.89388564823743,174.205884177575,2023-05,350656.704999,17,44,https://intranet2.sbs.gob.pe/estadistica/financiera/2023/Mayo/B-2332-my2023.XLS,2023-05-01,2023,2,2023T2
Jun.2023,452593.949377221,3.65041904761905,6.46149699198863,178.389612909719,2023-06,348358.31609,17,44,https://intranet2.sbs.gob.pe/estadistica/financiera/2023/Junio/B-2332-jn2023.XLS,2023-06-01,2023,2,2023T2
Jul.2023,452120.338226548,3.601255,5.88160145590039,175.55607284978,2023-07,347621.03012300003,17,44,https://intranet2.sbs.gob.pe/estadistica/financiera/2023/Julio/B-2332-jl2023.XLS,2023-07-01,2023,3,2023T3
Ago.2023,456043.704423708,3.69776818181818,5.57614720330122,177.273544890054,2023-08,349657.074932,17,44,https://intranet2.sbs.gob.pe/estadistica/financiera/2023/Agosto/B-2332-ag2023.XLS,2023-08-01,2023,3,2023T3
Sep.2023,459912.677228209,3.73099523809524,5.04454594794186,178.226772279038,2023-09,351560.268678,17,44,https://intranet2.sbs.gob.pe/estadistica/financiera/2023/Setiembre/B-2332-se2023.XLS,2023-09-01,2023,3,2023T3
Oct.2023,460884.442838562,3.84575909090909,4.34308132283159,177.708044328767,2023-10,351884.314397,17,44,https://intranet2.sbs.gob.pe/estadistica/financiera/2023/Octubre/B-2332-oc2023.XLS,2023-10-01,2023,4,2023T4
Nov.2023,458655.891907493,3.76079523809524,3.63647512169549,179.544540628351,2023-11,349850.13474300003,17,44,https://intranet2.sbs.gob.pe/estadistica/financiera/2023/Noviembre/B-2332-no2023.XLS,2023-11-01,2023,4,2023T4
Dic.2023,459271.350226052,3.73394210526316,3.23738256432406,177.94208243702,2023-12,349790.601114,17,44,https://intranet2.sbs.gob.pe/estadistica/financiera/2023/Diciembre/B-2332-di2023.XLS,2023-12-01,2023,4,2023T4
Ene.2024,457194.471245153,3.74074285714286,3.02392174826855,178.791698564371,2024-01,347020.445689,17,44,https://intranet2.sbs.gob.pe/estadistica/financiera/2024/Enero/B-2332-en2024.XLS,2024-01-01,2024,1,2024T1
Feb.2024,453038.543616331,3.8279380952381,3.29406696032184,178.714605943273,2024-02,344480.23223300005,17,44,https://intranet2.sbs.gob.pe/estadistica/financiera/2024/Febrero/B-2332-fe2024.XLS,2024-02-01,2024,1,2024T1
Mar.2024,454494.167632086,3.70898947368421,3.04504592593905,180.331867541023,2024-03,344803.73837700003,17,44,https://intranet2.sbs.gob.pe/estadistica/financiera/2024/Marzo/B-2332-ma2024.XLS,2024-03-01,2024,1,2024T1
Abr.2024,457488.519111144,3.71503181818182,2.42207617792805,182.273289709686,2024-04,348940.44141100004,17,44,https://intranet2.sbs.gob.pe/estadistica/financiera/2024/Abril/B-2332-ab2024.XLS,2024-04-01,2024,2,2024T2
May.2024,458702.210048213,3.73172727272727,2.00493835958688,183.960512446356,2024-05,350130.49537300004,17,44,https://intranet2.sbs.gob.pe/estadistica/financiera/2024/Mayo/B-2332-my2024.XLS,2024-05-01,2024,2,2024T2
Jun.2024,461674.34262391,3.7867052631579,2.28538225698791,180.151783846905,2024-06,353534.501837,17,44,https://intranet2.sbs.gob.pe/estadistica/financiera/2024/Junio/B-2332-jn2024.XLS,2024-06-01,2024,2,2024T2
Jul.2024,457312.05504964,3.764135,2.1276637869709,183.142003459551,2024-07,348615.66824300005,17,44,https://intranet2.sbs.gob.pe/estadistica/financiera/2024/Julio/B-2332-jl2024.XLS,2024-07-01,2024,3,2024T3
Ago.2024,458756.18973556,3.74185,2.03409700303861,185.173621902032,2024-08,349070.276751,17,44,https://intranet2.sbs.gob.pe/estadistica/financiera/2024/Agosto/B-2332-ag2024.XLS,2024-08-01,2024,3,2024T3
Sep.2024,456910.221433455,3.7689619047619,1.77501053596859,184.332772760658,2024-09,347758.729233,17,44,https://intranet2.sbs.gob.pe/estadistica/financiera/2024/Setiembre/B-2332-se2024.XLS,2024-09-01,2024,3,2024T3
Oct.2024,459105.22130114,3.75436363636364,2.00918040984485,184.553940301195,2024-10,347846.3057399999,17,44,https://intranet2.sbs.gob.pe/estadistica/financiera/2024/Octubre/B-2332-oc2024.XLS,2024-10-01,2024,4,2024T4
Nov.2024,460804.618557948,3.779135,2.27199072148831,187.895068452118,2024-11,349627.994507,17,44,https://intranet2.sbs.gob.pe/estadistica/financiera/2024/Noviembre/B-2332-no2024.XLS,2024-11-01,2024,4,2024T4
Dic.2024,461274.26499109,3.73553684210526,1.96630270142824,186.365603465107,2024-12,350462.489568,17,44,https://intranet2.sbs.gob.pe/estadistica/financiera/2024/Diciembre/B-2332-di2024.XLS,2024-12-01,2024,4,2024T4
Ene.2025,455799.692345035,3.74692272727273,1.85158283440667,186.631247654167,2025-01,351472.680463,18,44,https://intranet2.sbs.gob.pe/estadistica/financiera/2025/Enero/B-2332-en2025.XLS,2025-01-01,2025,1,2025T1
Feb.2025,456398.482079209,3.69685,1.4773290589483,187.008810465743,2025-02,352796.547402,18,44,https://intranet2.sbs.gob.pe/estadistica/financiera/2025/Febrero/B-2332-fe2025.XLS,2025-02-01,2025,1,2025T1
Mar.2025,458124.105030612,3.65248571428571,1.27718026977924,186.138383459729,2025-03,353296.081003,18,44,https://intranet2.sbs.gob.pe/estadistica/financiera/2025/Marzo/B-2332-ma2025.XLS,2025-03-01,2025,1,2025T1
Abr.2025,460353.825600921,3.70003,1.65183401740204,187.618060590359,2025-04,357187.262363,18,44,https://intranet2.sbs.gob.pe/estadistica/financiera/2025/Abril/B-2332-ab2025.XLS,2025-04-01,2025,2,2025T2
May.2025,463467.211284588,3.65991428571429,1.68666289219268,188.185812387631,2025-05,358887.62816900003,18,44,https://intranet2.sbs.gob.pe/estadistica/financiera/2025/Mayo/B-2332-my2025.XLS,2025-05-01,2025,2,2025T2
Jun.2025,463634.609976231,3.60219523809524,1.69370904576716,188.17357685563,2025-06,362207.67754,19,44,https://intranet2.sbs.gob.pe/estadistica/financiera/2025/Junio/B-2332-jn2025.XLS,2025-06-01,2025,2,2025T2
Jul.2025,468276.993442017,3.556945,1.6888009685144,190.187827971278,2025-07,365669.815367,19,44,https://intranet2.sbs.gob.pe/estadistica/financiera/2025/Julio/B-2332-jl2025.XLS,2025-07-01,2025,3,2025T3
Ago.2025,470356.301562464,3.542385,1.10633077531991,190.90826254631,2025-08,366300.192947,19,44,https://intranet2.sbs.gob.pe/estadistica/financiera/2025/Agosto/B-2332-ag2025.XLS,2025-08-01,2025,3,2025T3
Sep.2025,470208.838774482,3.50180454545455,1.35839342135424,191.758369433757,2025-09,365840.878245,19,44,https://intranet2.sbs.gob.pe/estadistica/financiera/2025/Setiembre/B-2332-se2025.XLS,2025-09-01,2025,3,2025T3
Oct.2025,470552.782776523,3.41322727272727,1.35177475650182,192.238348969936,2025-10,365025.156205,19,44,https://intranet2.sbs.gob.pe/estadistica/financiera/2025/Octubre/B-2332-oc2025.XLS,2025-10-01,2025,4,2025T4
Nov.2025,474468.883319198,3.37263,1.36861256988846,190.953981032527,2025-11,367373.108734,19,44,https://intranet2.sbs.gob.pe/estadistica/financiera/2025/Noviembre/B-2332-no2025.XLS,2025-11-01,2025,4,2025T4
Dic.2025,479089.326795198,3.36686315789474,1.50879973918667,194.003668464196,2025-12,369819.1733260001,19,44,https://intranet2.sbs.gob.pe/estadistica/financiera/2025/Diciembre/B-2332-di2025.XLS,2025-12-01,2025,4,2025T4
