fecha,creditos_sbs_millones,numero_entidades_sbs,hoja_sbs,url_sbs
2005-01,69364.982,15,Hoja1,https://intranet2.sbs.gob.pe/estadistica/financiera/2005/Enero/B-2332-en2005.XLS
2005-02,69379.608,15,Hoja1,https://intranet2.sbs.gob.pe/estadistica/financiera/2005/Febrero/B-2332-fe2005.XLS
2005-03,70227.884,15,Hoja1,https://intranet2.sbs.gob.pe/estadistica/financiera/2005/Marzo/B-2332-ma2005.XLS
2005-04,71984.212,15,Hoja1,https://intranet2.sbs.gob.pe/estadistica/financiera/2005/Abril/B-2332-ab2005.XLS
2005-05,73932.646,15,Hoja1,https://intranet2.sbs.gob.pe/estadistica/financiera/2005/Mayo/B-2332-my2005.XLS
2005-06,75252.83,15,Hoja1,https://intranet2.sbs.gob.pe/estadistica/financiera/2005/Junio/B-2332-jn2005.XLS
2005-07,76097.576,15,Hoja1,https://intranet2.sbs.gob.pe/estadistica/financiera/2005/Julio/B-2332-jl2005.XLS
2005-08,76208.274,13,Hoja1,https://intranet2.sbs.gob.pe/estadistica/financiera/2005/Agosto/B-2332-ag2005.XLS
2005-09,76912.232,13,Hoja1,https://intranet2.sbs.gob.pe/estadistica/financiera/2005/Setiembre/B-2332-se2005.XLS
2005-10,78449.38,13,Hoja1,https://intranet2.sbs.gob.pe/estadistica/financiera/2005/Octubre/B-2332-oc2005.XLS
2005-11,81699.718,13,Hoja1,https://intranet2.sbs.gob.pe/estadistica/financiera/2005/Noviembre/B-2332-no2005.XLS
2005-12,83777.524,13,Hoja1,https://intranet2.sbs.gob.pe/estadistica/financiera/2005/Diciembre/B-2332-di2005.XLS
2006-01,79730.712,13,Hoja1,https://intranet2.sbs.gob.pe/estadistica/financiera/2006/Enero/B-2332-en2006.XLS
2006-02,80737.988,13,Hoja1,https://intranet2.sbs.gob.pe/estadistica/financiera/2006/Febrero/B-2332-fe2006.XLS
2006-03,85013.678,13,Hoja1,https://intranet2.sbs.gob.pe/estadistica/financiera/2006/Marzo/B-2332-ma2006.XLS
2006-04,84956.702,13,Hoja1,https://intranet2.sbs.gob.pe/estadistica/financiera/2006/Abril/B-2332-ab2006.XLS
2006-05,86792.464,12,Hoja1,https://intranet2.sbs.gob.pe/estadistica/financiera/2006/Mayo/B-2332-my2006.XLS
2006-06,88236.724,12,Hoja1,https://intranet2.sbs.gob.pe/estadistica/financiera/2006/Junio/B-2332-jn2006.XLS
2006-07,88604.376,12,Hoja1,https://intranet2.sbs.gob.pe/estadistica/financiera/2006/Julio/B-2332-jl2006.XLS
2006-08,88219.596,12,Hoja1,https://intranet2.sbs.gob.pe/estadistica/financiera/2006/Agosto/B-2332-ag2006.XLS
2006-09,90139.394,12,Hoja1,https://intranet2.sbs.gob.pe/estadistica/financiera/2006/Setiembre/B-2332-se2006.XLS
2006-10,90680.22,13,Hoja1,https://intranet2.sbs.gob.pe/estadistica/financiera/2006/Octubre/B-2332-oc2006.XLS
2006-11,92998.22,12,Hoja1,https://intranet2.sbs.gob.pe/estadistica/financiera/2006/Noviembre/B-2332-no2006.XLS
2006-12,95290.832,12,Hoja1,https://intranet2.sbs.gob.pe/estadistica/financiera/2006/Diciembre/B-2332-di2006.XLS
2007-01,95744.388,12,Hoja1,https://intranet2.sbs.gob.pe/estadistica/financiera/2007/Enero/B-2332-en2007.XLS
2007-02,96581.046,12,Hoja1,https://intranet2.sbs.gob.pe/estadistica/financiera/2007/Febrero/B-2332-fe2007.XLS
2007-03,98942.05,12,Hoja1,https://intranet2.sbs.gob.pe/estadistica/financiera/2007/Marzo/B-2332-ma2007.XLS
2007-04,101641.882,12,Hoja1,https://intranet2.sbs.gob.pe/estadistica/financiera/2007/Abril/B-2332-ab2007.XLS
2007-05,103862.728,12,Hoja1,https://intranet2.sbs.gob.pe/estadistica/financiera/2007/Mayo/B-2332-my2007.XLS
2007-06,110110.81,13,Hoja1,https://intranet2.sbs.gob.pe/estadistica/financiera/2007/Junio/B-2332-jn2007.XLS
2007-07,112851.696,13,Hoja1,https://intranet2.sbs.gob.pe/estadistica/financiera/2007/Julio/B-2332-jl2007.XLS
2007-08,114808.182,14,Hoja1,https://intranet2.sbs.gob.pe/estadistica/financiera/2007/Agosto/B-2332-ag2007.XLS
2007-09,116691.086,14,Hoja1,https://intranet2.sbs.gob.pe/estadistica/financiera/2007/Setiembre/B-2332-se2007.XLS
2007-10,117335.022,14,Hoja1,https://intranet2.sbs.gob.pe/estadistica/financiera/2007/Octubre/B-2332-oc2007.XLS
2007-11,124811.104,14,Hoja1,https://intranet2.sbs.gob.pe/estadistica/financiera/2007/Noviembre/B-2332-no2007.XLS
2007-12,129056.968,14,Hoja1,https://intranet2.sbs.gob.pe/estadistica/financiera/2007/Diciembre/B-2332-di2007.XLS
2008-01,130857.848,16,Hoja1,https://intranet2.sbs.gob.pe/estadistica/financiera/2008/Enero/B-2332-en2008.XLS
2008-02,131325.814,16,Hoja1,https://intranet2.sbs.gob.pe/estadistica/financiera/2008/Febrero/B-2332-fe2008.XLS
2008-03,128802.88,16,Hoja1,https://intranet2.sbs.gob.pe/estadistica/financiera/2008/Marzo/B-2332-ma2008.XLS
2008-04,135054.212,16,Hoja1,https://intranet2.sbs.gob.pe/estadistica/financiera/2008/Abril/B-2332-ab2008.XLS
2008-05,138371.718,16,Hoja1,https://intranet2.sbs.gob.pe/estadistica/financiera/2008/Mayo/B-2332-my2008.XLS
2008-06,145323.406,16,Hoja1,https://intranet2.sbs.gob.pe/estadistica/financiera/2008/Junio/B-2332-jn2008.XLS
2008-07,146133.27,18,Hoja1,https://intranet2.sbs.gob.pe/estadistica/financiera/2008/Julio/B-2332-jl2008.XLS
2008-08,152350.298,17,Hoja1,https://intranet2.sbs.gob.pe/estadistica/financiera/2008/Agosto/B-2332-ag2008.XLS
2008-09,156845.19,17,Hoja1,https://intranet2.sbs.gob.pe/estadistica/financiera/2008/Setiembre/B-2332-se2008.XLS
2008-10,167420.004,17,Hoja1,https://intranet2.sbs.gob.pe/estadistica/financiera/2008/Octubre/B-2332-oc2008.XLS
2008-11,173340.192,17,Hoja1,https://intranet2.sbs.gob.pe/estadistica/financiera/2008/Noviembre/B-2332-no2008.XLS
2008-12,176808.86,17,Hoja1,https://intranet2.sbs.gob.pe/estadistica/financiera/2008/Diciembre/B-2332-di2008.XLS
2009-01,176292.716,16,Hoja1,https://intranet2.sbs.gob.pe/estadistica/financiera/2009/Enero/B-2332-en2009.XLS
2009-02,179144.52,16,Hoja1,https://intranet2.sbs.gob.pe/estadistica/financiera/2009/Febrero/B-2332-fe2009.XLS
2009-03,176590.45,16,Hoja1,https://intranet2.sbs.gob.pe/estadistica/financiera/2009/Marzo/B-2332-ma2009.XLS
2009-04,171019.916,16,Hoja1,https://intranet2.sbs.gob.pe/estadistica/financiera/2009/Abril/B-2332-ab2009.XLS
2009-05,173478.652,16,Hoja1,https://intranet2.sbs.gob.pe/estadistica/financiera/2009/Mayo/B-2332-my2009.XLS
2009-06,174608.592,17,Hoja1,https://intranet2.sbs.gob.pe/estadistica/financiera/2009/Junio/B-2332-jn2009.XLS
2009-07,175971.862,16,Hoja1,https://intranet2.sbs.gob.pe/estadistica/financiera/2009/Julio/B-2332-jl2009.XLS
2009-08,174632.992,16,Hoja1,https://intranet2.sbs.gob.pe/estadistica/financiera/2009/Agosto/B-2332-ag2009.XLS
2009-09,171854.346,16,Hoja1,https://intranet2.sbs.gob.pe/estadistica/financiera/2009/Setiembre/B-2332-se2009.XLS
2009-10,173891.094,16,Hoja1,https://intranet2.sbs.gob.pe/estadistica/financiera/2009/Octubre/B-2332-oc2009.XLS
2009-11,176731.168,16,Hoja1,https://intranet2.sbs.gob.pe/estadistica/financiera/2009/Noviembre/B-2332-no2009.XLS
2009-12,179195.58,16,Hoja1,https://intranet2.sbs.gob.pe/estadistica/financiera/2009/Diciembre/B-2332-di2009.XLS
2010-01,178418.816,16,Hoja1,https://intranet2.sbs.gob.pe/estadistica/financiera/2010/Enero/B-2332-en2010.XLS
2010-02,180774.282,16,Hoja1,https://intranet2.sbs.gob.pe/estadistica/financiera/2010/Febrero/B-2332-fe2010.XLS
2010-03,183603.162,16,Hoja1,https://intranet2.sbs.gob.pe/estadistica/financiera/2010/Marzo/B-2332-ma2010.XLS
2010-04,186910.13,16,Hoja1,https://intranet2.sbs.gob.pe/estadistica/financiera/2010/Abril/B-2332-ab2010.XLS
2010-05,191097.58,16,Hoja1,https://intranet2.sbs.gob.pe/estadistica/financiera/2010/Mayo/B-2332-my2010.XLS
2010-06,193653.69,16,Hoja1,https://intranet2.sbs.gob.pe/estadistica/financiera/2010/Junio/B-2332-jn2010.XLS
2010-07,197071.04498,16,Hoja1,https://intranet2.sbs.gob.pe/estadistica/financiera/2010/Julio/B-2332-jl2010.XLS
2010-08,196347.08373399996,16,Hoja1,https://intranet2.sbs.gob.pe/estadistica/financiera/2010/Agosto/B-2332-ag2010.XLS
2010-09,195317.53599999996,16,Hoja1,https://intranet2.sbs.gob.pe/estadistica/financiera/2010/Setiembre/B-2332-se2010.XLS
2010-10,198087.3673,16,Hoja1,https://intranet2.sbs.gob.pe/estadistica/financiera/2010/Octubre/B-2332-oc2010.XLS
2010-11,203678.908992,16,Hoja1,https://intranet2.sbs.gob.pe/estadistica/financiera/2010/Noviembre/B-2332-no2010.XLS
2010-12,206606.19243599998,16,Hoja1,https://intranet2.sbs.gob.pe/estadistica/financiera/2010/Diciembre/B-2332-di2010.XLS
2011-01,208201.45261800004,16,Hoja1,https://intranet2.sbs.gob.pe/estadistica/financiera/2011/Enero/B-2332-en2011.XLS
2011-02,211965.113774,16,Hoja1,https://intranet2.sbs.gob.pe/estadistica/financiera/2011/Febrero/B-2332-fe2011.XLS
2011-03,219451.51850600002,16,Hoja1,https://intranet2.sbs.gob.pe/estadistica/financiera/2011/Marzo/B-2332-ma2011.XLS
2011-04,227932.98009999996,16,Hoja1,https://intranet2.sbs.gob.pe/estadistica/financiera/2011/Abril/B-2332-ab2011.XLS
2011-05,233087.493174,16,Hoja1,https://intranet2.sbs.gob.pe/estadistica/financiera/2011/Mayo/B-2332-my2011.XLS
2011-06,235195.249996,16,Hoja1,https://intranet2.sbs.gob.pe/estadistica/financiera/2011/Junio/B-2332-jn2011.XLS
2011-07,237178.92692000003,16,Hoja1,https://intranet2.sbs.gob.pe/estadistica/financiera/2011/Julio/B-2332-jl2011.XLS
2011-08,238988.78975799997,16,Hoja1,https://intranet2.sbs.gob.pe/estadistica/financiera/2011/Agosto/B-2332-ag2011.XLS
2011-09,242912.24961800003,15,Hoja1,https://intranet2.sbs.gob.pe/estadistica/financiera/2011/Setiembre/B-2332-se2011.XLS
2011-10,243313.574126,16,P010,https://intranet2.sbs.gob.pe/estadistica/financiera/2011/Octubre/B-2332-oc2011.XLS
2011-11,246370.98739600004,16,P010,https://intranet2.sbs.gob.pe/estadistica/financiera/2011/Noviembre/B-2332-no2011.XLS
2011-12,252351.037228,17,P010,https://intranet2.sbs.gob.pe/estadistica/financiera/2011/Diciembre/B-2332-di2011.XLS
2012-01,254321.75260399998,16,P010,https://intranet2.sbs.gob.pe/estadistica/financiera/2012/Enero/B-2332-en2012.XLS
2012-02,253847.7103,16,P010,https://intranet2.sbs.gob.pe/estadistica/financiera/2012/Febrero/B-2332-fe2012.XLS
2012-03,257239.43458600002,16,P010,https://intranet2.sbs.gob.pe/estadistica/financiera/2012/Marzo/B-2332-ma2012.XLS
2012-04,258634.70059,17,P010,https://intranet2.sbs.gob.pe/estadistica/financiera/2012/Abril/B-2332-ab2012.XLS
2012-05,266280.324544,16,P010,https://intranet2.sbs.gob.pe/estadistica/financiera/2012/Mayo/B-2332-my2012.XLS
2012-06,270381.05676600005,17,P010,https://intranet2.sbs.gob.pe/estadistica/financiera/2012/Junio/B-2332-jn2012.XLS
2012-07,272076.992046,17,P010,https://intranet2.sbs.gob.pe/estadistica/financiera/2012/Julio/B-2332-jl2012.XLS
2012-08,274457.1722459999,18,P010,https://intranet2.sbs.gob.pe/estadistica/financiera/2012/Agosto/B-2332-ag2012.XLS
2012-09,277233.01703,17,P010,https://intranet2.sbs.gob.pe/estadistica/financiera/2012/Setiembre/B-2332-se2012.XLS
2012-10,278326.03702399996,17,P010,https://intranet2.sbs.gob.pe/estadistica/financiera/2012/Octubre/B-2332-oc2012.XLS
2012-11,282537.70221599995,18,P010,https://intranet2.sbs.gob.pe/estadistica/financiera/2012/Noviembre/B-2332-no2012.XLS
2012-12,285602.70098999987,17,P010,https://intranet2.sbs.gob.pe/estadistica/financiera/2012/Diciembre/B-2332-di2012.XLS
2013-01,140558.343845,16,P010,https://intranet2.sbs.gob.pe/estadistica/financiera/2013/Enero/B-2332-en2013.XLS
2013-02,141807.09018399997,16,P010,https://intranet2.sbs.gob.pe/estadistica/financiera/2013/Febrero/B-2332-fe2013.XLS
2013-03,287436.30404200003,17,P010,https://intranet2.sbs.gob.pe/estadistica/financiera/2013/Marzo/B-2332-ma2013.XLS
2013-04,146112.99587600003,16,P010P,https://intranet2.sbs.gob.pe/estadistica/financiera/2013/Abril/B-2332-ab2013.XLS
2013-05,149741.1817,16,P010P,https://intranet2.sbs.gob.pe/estadistica/financiera/2013/Mayo/B-2332-my2013.XLS
2013-06,154080.975114,16,P010P,https://intranet2.sbs.gob.pe/estadistica/financiera/2013/Junio/B-2332-jn2013.XLS
2013-07,156843.367811,16,P010P,https://intranet2.sbs.gob.pe/estadistica/financiera/2013/Julio/B-2332-jl2013.XLS
2013-08,160273.788857,16,P010P,https://intranet2.sbs.gob.pe/estadistica/financiera/2013/Agosto/B-2332-ag2013.XLS
2013-09,161173.406042,16,P010P,https://intranet2.sbs.gob.pe/estadistica/financiera/2013/Setiembre/B-2332-se2013.XLS
2013-10,163013.54045,16,P010P,https://intranet2.sbs.gob.pe/estadistica/financiera/2013/Octubre/B-2332-oc2013.XLS
2013-11,167375.535469,16,P010P,https://intranet2.sbs.gob.pe/estadistica/financiera/2013/Noviembre/B-2332-no2013.XLS
2013-12,168661.738664,16,P010P,https://intranet2.sbs.gob.pe/estadistica/financiera/2013/Diciembre/B-2332-di2013.XLS
2014-01,170649.521359,16,P010P,https://intranet2.sbs.gob.pe/estadistica/financiera/2014/Enero/B-2332-en2014.XLS
2014-02,171529.056628,17,P010P,https://intranet2.sbs.gob.pe/estadistica/financiera/2014/Febrero/B-2332-fe2014.XLS
2014-03,173719.703956,17,P010P,https://intranet2.sbs.gob.pe/estadistica/financiera/2014/Marzo/B-2332-ma2014.XLS
2014-04,175833.590292,17,P010P,https://intranet2.sbs.gob.pe/estadistica/financiera/2014/Abril/B-2332-ab2014.XLS
2014-05,176421.33337,17,P010P,https://intranet2.sbs.gob.pe/estadistica/financiera/2014/Mayo/B-2332-my2014.XLS
2014-06,179901.465613,17,P010P,https://intranet2.sbs.gob.pe/estadistica/financiera/2014/Junio/B-2332-jn2014.XLS
2014-07,181106.96321899997,17,P010P,https://intranet2.sbs.gob.pe/estadistica/financiera/2014/Julio/B-2332-jl2014.XLS
2014-08,182924.163338,17,P010P,https://intranet2.sbs.gob.pe/estadistica/financiera/2014/Agosto/B-2332-ag2014.XLS
2014-09,184969.703224,17,P010P,https://intranet2.sbs.gob.pe/estadistica/financiera/2014/Setiembre/B-2332-se2014.XLS
2014-10,187231.84470899997,17,P010P,https://intranet2.sbs.gob.pe/estadistica/financiera/2014/Octubre/B-2332-oc2014.XLS
2014-11,188825.35702199998,17,P010P,https://intranet2.sbs.gob.pe/estadistica/financiera/2014/Noviembre/B-2332-no2014.XLS
2014-12,192503.10297100001,17,P010P,https://intranet2.sbs.gob.pe/estadistica/financiera/2014/Diciembre/B-2332-di2014.XLS
2015-01,194916.73011600002,17,P010P,https://intranet2.sbs.gob.pe/estadistica/financiera/2015/Enero/B-2332-en2015.XLS
2015-02,196092.259921,17,P010P,https://intranet2.sbs.gob.pe/estadistica/financiera/2015/Febrero/B-2332-fe2015.XLS
2015-03,202479.533308,17,P010P,https://intranet2.sbs.gob.pe/estadistica/financiera/2015/Marzo/B-2332-ma2015.XLS
2015-04,206480.95187599998,17,P010P,https://intranet2.sbs.gob.pe/estadistica/financiera/2015/Abril/B-2332-ab2015.XLS
2015-05,209294.42927500003,17,P010P,https://intranet2.sbs.gob.pe/estadistica/financiera/2015/Mayo/B-2332-my2015.XLS
2015-06,210578.745821,17,P010P,https://intranet2.sbs.gob.pe/estadistica/financiera/2015/Junio/B-2332-jn2015.XLS
2015-07,212448.377747,17,P010P,https://intranet2.sbs.gob.pe/estadistica/financiera/2015/Julio/B-2332-jl2015.XLS
2015-08,216905.45386699997,17,P031P,https://intranet2.sbs.gob.pe/estadistica/financiera/2015/Agosto/B-2332-ag2015.XLS
2015-09,219586.832119,17,P031P,https://intranet2.sbs.gob.pe/estadistica/financiera/2015/Setiembre/B-2332-se2015.XLS
2015-10,221338.071389,17,41,https://intranet2.sbs.gob.pe/estadistica/financiera/2015/Octubre/B-2332-oc2015.XLS
2015-11,225508.283079,17,43,https://intranet2.sbs.gob.pe/estadistica/financiera/2015/Noviembre/B-2332-no2015.XLS
2015-12,226054.50803,17,43,https://intranet2.sbs.gob.pe/estadistica/financiera/2015/Diciembre/B-2332-di2015.XLS
2016-01,228012.00465000002,17,43,https://intranet2.sbs.gob.pe/estadistica/financiera/2016/Enero/B-2332-en2016.XLS
2016-02,229338.609347,17,43,https://intranet2.sbs.gob.pe/estadistica/financiera/2016/Febrero/B-2332-fe2016.XLS
2016-03,226939.054622,17,43,https://intranet2.sbs.gob.pe/estadistica/financiera/2016/Marzo/B-2332-ma2016.XLS
2016-04,227490.84500299997,17,43,https://intranet2.sbs.gob.pe/estadistica/financiera/2016/Abril/B-2332-ab2016.XLS
2016-05,228614.316009,17,43,https://intranet2.sbs.gob.pe/estadistica/financiera/2016/Mayo/B-2332-my2016.XLS
2016-06,228258.93786400004,17,43,https://intranet2.sbs.gob.pe/estadistica/financiera/2016/Junio/B-2332-jn2016.XLS
2016-07,231419.89855399998,16,43,https://intranet2.sbs.gob.pe/estadistica/financiera/2016/Julio/B-2332-jl2016.XLS
2016-08,232462.88824299996,16,43,https://intranet2.sbs.gob.pe/estadistica/financiera/2016/Agosto/B-2332-ag2016.XLS
2016-09,232956.930623,16,43,https://intranet2.sbs.gob.pe/estadistica/financiera/2016/Setiembre/B-2332-se2016.XLS
2016-10,231873.09731,16,43,https://intranet2.sbs.gob.pe/estadistica/financiera/2016/Octubre/B-2332-oc2016.XLS
2016-11,234379.89819000004,16,43,https://intranet2.sbs.gob.pe/estadistica/financiera/2016/Noviembre/B-2332-no2016.XLS
2016-12,234809.180691,16,43,https://intranet2.sbs.gob.pe/estadistica/financiera/2016/Diciembre/B-2332-di2016.XLS
2017-01,231917.977731,16,43,https://intranet2.sbs.gob.pe/estadistica/financiera/2017/Enero/B-2332-en2017.XLS
2017-02,231803.970542,16,43,https://intranet2.sbs.gob.pe/estadistica/financiera/2017/Febrero/B-2332-fe2017.XLS
2017-03,232005.08886,16,43,https://intranet2.sbs.gob.pe/estadistica/financiera/2017/Marzo/B-2332-ma2017.XLS
2017-04,232592.734457,16,43,https://intranet2.sbs.gob.pe/estadistica/financiera/2017/Abril/B-2332-ab2017.XLS
2017-05,233571.22123700002,16,43,https://intranet2.sbs.gob.pe/estadistica/financiera/2017/Mayo/B-2332-my2017.XLS
2017-06,232645.722268,16,43,https://intranet2.sbs.gob.pe/estadistica/financiera/2017/Junio/B-2332-jn2017.XLS
2017-07,234539.437474,16,43,https://intranet2.sbs.gob.pe/estadistica/financiera/2017/Julio/B-2332-jl2017.XLS
2017-08,234999.963463,16,43,https://intranet2.sbs.gob.pe/estadistica/financiera/2017/Agosto/B-2332-ag2017.XLS
2017-09,237123.67024900002,16,43,https://intranet2.sbs.gob.pe/estadistica/financiera/2017/Setiembre/B-2332-se2017.XLS
2017-10,238849.56437,16,43,https://intranet2.sbs.gob.pe/estadistica/financiera/2017/Octubre/B-2332-oc2017.XLS
2017-11,242025.75444100003,16,43,https://intranet2.sbs.gob.pe/estadistica/financiera/2017/Noviembre/B-2332-no2017.XLS
2017-12,243885.211834,16,43,https://intranet2.sbs.gob.pe/estadistica/financiera/2017/Diciembre/B-2332-di2017.XLS
2018-01,243023.66897500004,16,43,https://intranet2.sbs.gob.pe/estadistica/financiera/2018/Enero/B-2332-en2018.XLS
2018-02,244956.88966400002,16,43,https://intranet2.sbs.gob.pe/estadistica/financiera/2018/Febrero/B-2332-fe2018.XLS
2018-03,247030.353821,16,43,https://intranet2.sbs.gob.pe/estadistica/financiera/2018/Marzo/B-2332-ma2018.XLS
2018-04,250224.572233,16,43,https://intranet2.sbs.gob.pe/estadistica/financiera/2018/Abril/B-2332-ab2018.XLS
2018-05,253639.72199899997,16,43,https://intranet2.sbs.gob.pe/estadistica/financiera/2018/Mayo/B-2332-my2018.XLS
2018-06,255110.33638400002,16,43,https://intranet2.sbs.gob.pe/estadistica/financiera/2018/Junio/B-2332-jn2018.XLS
2018-07,255868.395449,16,43,https://intranet2.sbs.gob.pe/estadistica/financiera/2018/Julio/B-2332-jl2018.XLS
2018-08,257572.401495,16,43,https://intranet2.sbs.gob.pe/estadistica/financiera/2018/Agosto/B-2332-ag2018.XLS
2018-09,260409.008337,16,43,https://intranet2.sbs.gob.pe/estadistica/financiera/2018/Setiembre/B-2332-se2018.XLS
2018-10,263939.26132899994,16,43,https://intranet2.sbs.gob.pe/estadistica/financiera/2018/Octubre/B-2332-oc2018.XLS
2018-11,266113.75151599996,16,43,https://intranet2.sbs.gob.pe/estadistica/financiera/2018/Noviembre/B-2332-no2018.XLS
2018-12,269846.829111,16,43,https://intranet2.sbs.gob.pe/estadistica/financiera/2018/Diciembre/B-2332-di2018.XLS
2019-01,266543.526932,16,43,https://intranet2.sbs.gob.pe/estadistica/financiera/2019/Enero/B-2332-en2019.XLS
2019-02,264832.61036399996,16,43,https://intranet2.sbs.gob.pe/estadistica/financiera/2019/Febrero/B-2332-fe2019.XLS
2019-03,268762.38206,15,43,https://intranet2.sbs.gob.pe/estadistica/financiera/2019/Marzo/B-2332-ma2019.XLS
2019-04,269890.89179100003,15,43,https://intranet2.sbs.gob.pe/estadistica/financiera/2019/Abril/B-2332-ab2019.XLS
2019-05,273361.02291400003,15,43,https://intranet2.sbs.gob.pe/estadistica/financiera/2019/Mayo/B-2332-my2019.XLS
2019-06,273046.631292,15,43,https://intranet2.sbs.gob.pe/estadistica/financiera/2019/Junio/B-2332-jn2019.XLS
2019-07,274443.05720700003,15,43,https://intranet2.sbs.gob.pe/estadistica/financiera/2019/Julio/B-2332-jl2019.XLS
2019-08,278609.292436,15,43,https://intranet2.sbs.gob.pe/estadistica/financiera/2019/Agosto/B-2332-ag2019.XLS
2019-09,279391.99496900005,15,43,https://intranet2.sbs.gob.pe/estadistica/financiera/2019/Setiembre/B-2332-se2019.XLS
2019-10,282282.361432,15,43,https://intranet2.sbs.gob.pe/estadistica/financiera/2019/Octubre/B-2332-oc2019.XLS
2019-11,286034.0900839999,15,43,https://intranet2.sbs.gob.pe/estadistica/financiera/2019/Noviembre/B-2332-no2019.XLS
2019-12,285273.843813,15,43,https://intranet2.sbs.gob.pe/estadistica/financiera/2019/Diciembre/B-2332-di2019.XLS
2020-01,285676.59772499994,15,44,https://intranet2.sbs.gob.pe/estadistica/financiera/2020/Enero/B-2332-en2020.XLS
2020-02,288843.84433800005,15,44,https://intranet2.sbs.gob.pe/estadistica/financiera/2020/Febrero/B-2332-fe2020.XLS
2020-03,294403.1674070001,15,44,https://intranet2.sbs.gob.pe/estadistica/financiera/2020/Marzo/B-2332-ma2020.XLS
2020-04,295515.57166099997,15,44,https://intranet2.sbs.gob.pe/estadistica/financiera/2020/Abril/B-2332-ab2020.XLS
2020-05,316881.4084130001,15,44,https://intranet2.sbs.gob.pe/estadistica/financiera/2020/Mayo/B-2332-my2020.XLS
2020-06,319566.14626000007,15,44,https://intranet2.sbs.gob.pe/estadistica/financiera/2020/Junio/B-2332-jn2020.XLS
2020-07,323026.404059,16,44,https://intranet2.sbs.gob.pe/estadistica/financiera/2020/Julio/B-2332-jl2020.XLS
2020-08,325823.698233,16,44,https://intranet2.sbs.gob.pe/estadistica/financiera/2020/Agosto/B-2332-ag2020.XLS
2020-09,325284.172392,16,44,https://intranet2.sbs.gob.pe/estadistica/financiera/2020/Setiembre/B-2332-se2020.XLS
2020-10,326421.631793,16,44,https://intranet2.sbs.gob.pe/estadistica/financiera/2020/Octubre/B-2332-oc2020.XLS
2020-11,326070.95893,16,44,https://intranet2.sbs.gob.pe/estadistica/financiera/2020/Noviembre/B-2332-no2020.XLS
2020-12,325086.492926,16,44,https://intranet2.sbs.gob.pe/estadistica/financiera/2020/Diciembre/B-2332-di2020.XLS
2021-01,323515.94095899997,16,44,https://intranet2.sbs.gob.pe/estadistica/financiera/2021/Enero/B-2332-en2021.XLS
2021-02,321883.61339899997,16,44,https://intranet2.sbs.gob.pe/estadistica/financiera/2021/Febrero/B-2332-fe2021.XLS
2021-03,324509.652707,16,44,https://intranet2.sbs.gob.pe/estadistica/financiera/2021/Marzo/B-2332-ma2021.XLS
2021-04,328273.96382799995,16,44,https://intranet2.sbs.gob.pe/estadistica/financiera/2021/Abril/B-2332-ab2021.XLS
2021-05,334767.871652,16,44,https://intranet2.sbs.gob.pe/estadistica/financiera/2021/Mayo/B-2332-my2021.XLS
2021-06,337924.13030699996,16,44,https://intranet2.sbs.gob.pe/estadistica/financiera/2021/Junio/B-2332-jn2021.XLS
2021-07,344875.611363,16,44,https://intranet2.sbs.gob.pe/estadistica/financiera/2021/Julio/B-2332-jl2021.XLS
2021-08,344782.29993299994,16,44,https://intranet2.sbs.gob.pe/estadistica/financiera/2021/Agosto/B-2332-ag2021.XLS
2021-09,344326.476794,16,44,https://intranet2.sbs.gob.pe/estadistica/financiera/2021/Setiembre/B-2332-se2021.XLS
2021-10,342831.484567,16,44,https://intranet2.sbs.gob.pe/estadistica/financiera/2021/Octubre/B-2332-oc2021.XLS
2021-11,346554.94225200004,16,44,https://intranet2.sbs.gob.pe/estadistica/financiera/2021/Noviembre/B-2332-no2021.XLS
2021-12,348504.7669219999,16,44,https://intranet2.sbs.gob.pe/estadistica/financiera/2021/Diciembre/B-2332-di2021.XLS
2022-01,344942.25313200004,16,44,https://intranet2.sbs.gob.pe/estadistica/financiera/2022/Enero/B-2332-en2022.XLS
2022-02,344521.513088,16,44,https://intranet2.sbs.gob.pe/estadistica/financiera/2022/Febrero/B-2332-fe2022.XLS
2022-03,347412.41161199997,16,44,https://intranet2.sbs.gob.pe/estadistica/financiera/2022/Marzo/B-2332-ma2022.XLS
2022-04,351822.06266199995,16,44,https://intranet2.sbs.gob.pe/estadistica/financiera/2022/Abril/B-2332-ab2022.XLS
2022-05,351213.25429199997,16,44,https://intranet2.sbs.gob.pe/estadistica/financiera/2022/Mayo/B-2332-my2022.XLS
2022-06,357338.401065,16,44,https://intranet2.sbs.gob.pe/estadistica/financiera/2022/Junio/B-2332-jn2022.XLS
2022-07,362717.219359,17,44,https://intranet2.sbs.gob.pe/estadistica/financiera/2022/Julio/B-2332-jl2022.XLS
2022-08,358520.92149299994,17,44,https://intranet2.sbs.gob.pe/estadistica/financiera/2022/Agosto/B-2332-ag2022.XLS
2022-09,360089.0915389999,17,44,https://intranet2.sbs.gob.pe/estadistica/financiera/2022/Setiembre/B-2332-se2022.XLS
2022-10,360542.529125,17,44,https://intranet2.sbs.gob.pe/estadistica/financiera/2022/Octubre/B-2332-oc2022.XLS
2022-11,357594.093239,17,44,https://intranet2.sbs.gob.pe/estadistica/financiera/2022/Noviembre/B-2332-no2022.XLS
2022-12,355108.757585,17,44,https://intranet2.sbs.gob.pe/estadistica/financiera/2022/Diciembre/B-2332-di2022.XLS
2023-01,353520.597049,17,44,https://intranet2.sbs.gob.pe/estadistica/financiera/2023/Enero/B-2332-en2023.XLS
2023-02,350299.196145,17,44,https://intranet2.sbs.gob.pe/estadistica/financiera/2023/Febrero/B-2332-fe2023.XLS
2023-03,351798.20337199996,17,44,https://intranet2.sbs.gob.pe/estadistica/financiera/2023/Marzo/B-2332-ma2023.XLS
2023-04,351946.469747,17,44,https://intranet2.sbs.gob.pe/estadistica/financiera/2023/Abril/B-2332-ab2023.XLS
2023-05,350656.704999,17,44,https://intranet2.sbs.gob.pe/estadistica/financiera/2023/Mayo/B-2332-my2023.XLS
2023-06,348358.31609,17,44,https://intranet2.sbs.gob.pe/estadistica/financiera/2023/Junio/B-2332-jn2023.XLS
2023-07,347621.03012300003,17,44,https://intranet2.sbs.gob.pe/estadistica/financiera/2023/Julio/B-2332-jl2023.XLS
2023-08,349657.074932,17,44,https://intranet2.sbs.gob.pe/estadistica/financiera/2023/Agosto/B-2332-ag2023.XLS
2023-09,351560.26867799996,17,44,https://intranet2.sbs.gob.pe/estadistica/financiera/2023/Setiembre/B-2332-se2023.XLS
2023-10,351884.314397,17,44,https://intranet2.sbs.gob.pe/estadistica/financiera/2023/Octubre/B-2332-oc2023.XLS
2023-11,349850.13474300003,17,44,https://intranet2.sbs.gob.pe/estadistica/financiera/2023/Noviembre/B-2332-no2023.XLS
2023-12,349790.60111399996,17,44,https://intranet2.sbs.gob.pe/estadistica/financiera/2023/Diciembre/B-2332-di2023.XLS
2024-01,347020.445689,17,44,https://intranet2.sbs.gob.pe/estadistica/financiera/2024/Enero/B-2332-en2024.XLS
2024-02,344480.23223300005,17,44,https://intranet2.sbs.gob.pe/estadistica/financiera/2024/Febrero/B-2332-fe2024.XLS
2024-03,344803.73837700003,17,44,https://intranet2.sbs.gob.pe/estadistica/financiera/2024/Marzo/B-2332-ma2024.XLS
2024-04,348940.44141100004,17,44,https://intranet2.sbs.gob.pe/estadistica/financiera/2024/Abril/B-2332-ab2024.XLS
2024-05,350130.49537300004,17,44,https://intranet2.sbs.gob.pe/estadistica/financiera/2024/Mayo/B-2332-my2024.XLS
2024-06,353534.501837,17,44,https://intranet2.sbs.gob.pe/estadistica/financiera/2024/Junio/B-2332-jn2024.XLS
2024-07,348615.66824300005,17,44,https://intranet2.sbs.gob.pe/estadistica/financiera/2024/Julio/B-2332-jl2024.XLS
2024-08,349070.27675099997,17,44,https://intranet2.sbs.gob.pe/estadistica/financiera/2024/Agosto/B-2332-ag2024.XLS
2024-09,347758.729233,17,44,https://intranet2.sbs.gob.pe/estadistica/financiera/2024/Setiembre/B-2332-se2024.XLS
2024-10,347846.3057399999,17,44,https://intranet2.sbs.gob.pe/estadistica/financiera/2024/Octubre/B-2332-oc2024.XLS
2024-11,349627.994507,17,44,https://intranet2.sbs.gob.pe/estadistica/financiera/2024/Noviembre/B-2332-no2024.XLS
2024-12,350462.489568,17,44,https://intranet2.sbs.gob.pe/estadistica/financiera/2024/Diciembre/B-2332-di2024.XLS
2025-01,351472.680463,18,44,https://intranet2.sbs.gob.pe/estadistica/financiera/2025/Enero/B-2332-en2025.XLS
2025-02,352796.547402,18,44,https://intranet2.sbs.gob.pe/estadistica/financiera/2025/Febrero/B-2332-fe2025.XLS
2025-03,353296.081003,18,44,https://intranet2.sbs.gob.pe/estadistica/financiera/2025/Marzo/B-2332-ma2025.XLS
2025-04,357187.26236299996,18,44,https://intranet2.sbs.gob.pe/estadistica/financiera/2025/Abril/B-2332-ab2025.XLS
2025-05,358887.62816900003,18,44,https://intranet2.sbs.gob.pe/estadistica/financiera/2025/Mayo/B-2332-my2025.XLS
2025-06,362207.67753999995,19,44,https://intranet2.sbs.gob.pe/estadistica/financiera/2025/Junio/B-2332-jn2025.XLS
2025-07,365669.815367,19,44,https://intranet2.sbs.gob.pe/estadistica/financiera/2025/Julio/B-2332-jl2025.XLS
2025-08,366300.19294700003,19,44,https://intranet2.sbs.gob.pe/estadistica/financiera/2025/Agosto/B-2332-ag2025.XLS
2025-09,365840.87824499997,19,44,https://intranet2.sbs.gob.pe/estadistica/financiera/2025/Setiembre/B-2332-se2025.XLS
2025-10,365025.156205,19,44,https://intranet2.sbs.gob.pe/estadistica/financiera/2025/Octubre/B-2332-oc2025.XLS
2025-11,367373.108734,19,44,https://intranet2.sbs.gob.pe/estadistica/financiera/2025/Noviembre/B-2332-no2025.XLS
2025-12,369819.1733260001,19,44,https://intranet2.sbs.gob.pe/estadistica/financiera/2025/Diciembre/B-2332-di2025.XLS
